1136327	493767	356207	1047613	287820	771013
268777	917397	1324096	1377476	1302883	934388
26275	881230	1023297	1034530	1432916	1383775
788570	737186	938671	464044	190257	503996
695389	498220	1374280	878964	473890	208906
994401	519943	415269	1081330	550997	940715
167403	214144	444241	183726	117770	1002021
290429	1262977	750480	731725	1451784	892326
761453	247482	1176209	490242	1144491	1113747
629251	952940	1181379	1004042	21215	728579
862209	206575	997793	874598	335327	637280
1343562	1097081	123933	495364	945684	1121246
727033	1277586	251683	740871	1297483	874108
1118741	59043	508147	215091	1051450	1167970
910686	895944	211822	1278516	267155	1166432
936160	50488	120810	381885	412515	1052244
1171292	102396	936107	939182	608539	391409
854641	1306527	1094112	1016919	1285529	1095144
1075072	986082	1232558	109415	66234	453266
1258531	238978	1448895	554291	313581	1222481
1365380	38755	228708	558846	1355688	626229
221385	1452836	211824	133165	1104446	797581
225786	236166	816686	157815	748871	416452
1017782	1089238	1030650	1099180	1313900	466507
512711	251824	832538	1397857	989412	741723
979475	24213	739112	1365537	1417484	1380714
52599	207572	705630	576186	557633	83260
1408075	1126887	866776	363893	1092237	429916
1457873	125511	666619	260623	837321	916859
386545	997447	946917	843872	829099	13930
1396499	582563	707570	1224424	217607	45378
832203	734811	517519	1073096	463104	1349785
823466	457529	767022	434186	1233754	730381
986688	275713	995864	1022703	53485	1041245
140878	1379438	1262186	863233	1001100	1221137
1070259	729291	406684	1018506	1030862	469615
1048898	143599	436906	1066952	1463285	884869
936118	648747	209426	1033438	485041	161657
1457832	267315	1237972	692589	291161	1000749
1273986	1271316	1267663	438801	1111553	1452508
884148	1104233	872005	382042	747930	1142156
823486	1261176	945451	756840	1108018	1278886
1036836	772957	752760	1215627	1198453	476523
1178993	351444	1383195	849097	839667	1403440
1286076	363129	884659	877574	1393401	374728
810489	895379	929990	1432637	1237891	1321074
225687	218363	89668	405850	941655	849665
1400385	1302784	646680	1194045	90002	1425171
940443	1236701	1291085	1322123	434507	1328356
1193573	1355284	487212	60339	942559	362709
966930	262334	702575	1002340	1400361	989885
26308	355401	754662	1253878	570545	1009394
571954	1101426	85846	1063463	49294	1431033
497232	1140535	7087	113395	704322	87803
737909	614013	110668	90717	1327472	795182
840796	49872	311660	1391543	634112	1310316
819631	1226517	1272265	834074	741946	360729
1136309	1310050	1065519	609023	324052	1412818
205899	876998	1165742	743322	1239541	950969
819627	196495	1148537	37691	1098575	509054
186466	666916	276250	704799	418907	671120
1014250	1312740	1098568	1198526	1102535	1375577
281697	1004673	852556	43419	1327876	435857
1122607	1215627	1198453	786500	244483	772957
221296	610277	1217335	209616	588238	1287021
342320	35829	722312	875861	58834	554849
828213	657729	161851	1446921	768876	388523
585507	1101698	1306590	1230473	1315939	225735
1115060	237506	1389614	666826	1357888	705993
1189768	1228172	468056	609628	892258	782181
1200153	187978	1287146	707357	990366	1019478
1153792	361854	1109375	241445	415712	289816
83571	172361	762111	948808	710676	1084551
240959	1313681	1416233	1385721	1350580	863083
788673	750542	1082943	221907	1026846	1073524
801682	1377411	1138578	916551	1289576	1273246
145318	467718	1152887	1047073	700079	1452485
1417366	1201497	1343300	1425504	270775	1233174
1293588	743661	107872	379530	1034056	1185547
516400	817212	1144644	1085189	759608	1334159
1009714	745391	1234816	1308901	167086	944466
1273944	1088376	1042074	1151450	246980	381145
1196345	1358257	340573	235303	96938	680777
823421	200478	487128	455753	113870	1361524
179732	1113580	978820	728610	1434186	162433
612334	860054	1010164	941559	1279789	272878
991135	1122297	908963	541344	137282	974514
191458	89296	981853	1369190	1312095	482704
793035	868129	1053819	1415008	287741	693547
933830	385081	1311971	1341853	991644	513578
906942	683251	939007	1280536	1222142	236975
819048	1230947	1211159	1470054	677218	453714
967126	892411	1049396	262017	27206	1092442
225643	196223	232330	309583	1097995	1068626
554934	659756	153368	788530	166280	604292
1339357	356317	662573	455519	145998	1402440
186555	833445	435729	107262	375734	185760
73964	230824	231464	1087820	441000	24308
1251026	1078822	689237	857221	1114039	1375749
1426975	1164420	787222	131661	744072	750954
757736	143616	1007271	761560	932333	709584
757743	735897	465713	310641	495786	591307
290485	1104835	1245043	1230868	993215	1360151
620008	654935	1169936	507243	1077096	1182147
1457707	1112127	1413100	1277643	823239	1193711
533035	1097228	459564	780863	482272	1107759
975826	855880	1030051	252002	1213269	341776
1334505	1239581	84026	1199534	1278451	982337
286187	145811	952371	709672	708813	836302
823347	1135008	1078200	1190921	923272	268521
1316913	987803	246601	1442480	60751	684459
210386	1229616	1003670	1094580	219098	487458
563433	522277	368466	609070	364917	1210895
39014	1457109	689455	1338577	315066	923930
1457715	171873	143616	1007271	761560	349754
1239704	1346078	1269007	370878	801960	607509
854716	1105298	1152906	831490	1212167	488029
295348	1124045	934701	1068363	303928	1355395
1122747	499162	1232662	812923	1215571	923669
1215492	1057700	210836	465721	916752	903897
136630	621333	1364414	1329762	1063058	593424
210400	1127224	576567	634506	1205890	688890
633279	1065838	1449395	1467926	300081	7930
1118957	1233538	1363625	725476	1332879	1191451
248817	251959	1080772	791705	867116	876418
1281584	858197	392143	1054309	609628	1083693
378692	647168	1045783	487664	783110	954765
1231047	1108787	978977	442657	1364923	92302
330249	1111176	1303063	273115	1344576	95087
1126531	722326	1446437	362129	230030	110200
191406	374418	1056734	196151	1423943	46260
112666	217717	1055716	1139987	1113820	230030
772964	991790	723550	1217418	814515	1285200
1002046	602605	721472	191844	1312426	818357
951628	29803	1122732	994101	1007690	295062
281826	1242039	1315179	276589	137635	280502
1017721	249869	663135	718520	550540	783436
906987	224816	1306392	378167	218121	629523
1126546	1388054	366878	68736	833124	737063
672060	1029384	583657	1276725	598314	757409
979760	479584	171384	108318	1154358	455718
711050	761368	690093	1259789	849674	280311
264641	592090	1202602	1261962	375708	1427364
608107	642156	199151	855340	505489	990235
665484	243625	75564	1186834	1165997	1416795
975383	461029	484673	136574	1104945	1036362
39346	461029	136574	750226	514198	512013
883957	753202	779880	1333242	903485	763043
144949	1191932	824147	802124	1258791	942792
680770	1042439	1172202	1402788	1374263	481286
1449354	118458	1451668	1214343	85146	1173931
1403970	950494	116656	1410164	666576	827757
876206	463816	1342495	553015	143599	1371898
647157	524816	735883	163058	502171	113157
1139873	1105873	750217	112681	1328251	677195
256079	614389	993107	150732	391482	205058
440145	182843	620142	1007127	1093121	1329870
590733	1088543	951038	1030734	576369	1345407
240773	876139	4049	1337979	1165471	279409
209974	195912	1238918	1435191	174012	1173987
897411	1373307	1034450	851069	860931	749249
554545	1362423	1445909	640533	1062168	1139048
902670	281792	1235191	1015044	336681	307335
240799	792663	728402	1228718	101060	1008976
108786	339398	210392	670375	742122	391496
299335	1009073	837315	263598	343679	295221
955818	612650	1392872	575150	559955	1227550
1297207	1334624	1035764	59905	927531	789808
1453700	119514	464271	193005	33180	453397
772809	366518	1057557	1018373	1425232	842984
836682	1431316	545412	1381814	142612	464096
858638	653849	950917	584313	618168	999161
966699	636516	1469043	127109	820864	820691
1149932	984529	763001	1425202	1150130	809864
248384	1361793	531875	846693	1260176	103147
334489	1458500	1232544	147940	280186	52391
769355	500150	1233265	1295013	542005	688321
1266666	1445943	775677	743496	731126	269413
971021	87074	302587	721709	221903	336595
61035	94887	574646	217414	1217133	189854
1136563	1299723	168901	742761	259642	1456701
665592	1206433	517540	322539	986420	906439
994578	1110924	98394	873951	1455646	850421
1136569	54136	320657	455925	503714	1071022
1330279	88109	273942	1145510	265042	1343985
334497	727679	843738	1317328	906028	52226
675939	56208	531162	421411	1338439	1386269
1312929	743140	721499	1013429	1322092	475338
814977	767840	1420463	741568	1369623	95500
929583	642518	968228	852793	1339089	1298198
902742	1237620	905068	652422	569529	241829
625231	167830	726083	1036204	278621	774794
858681	1371113	195947	1150174	393541	87080
1178693	987534	1236375	165489	856814	1319524
1231183	950186	686063	679364	11148	856777
1032737	7035	1039221	164797	398533	150268
1403948	1047551	182942	1291215	1253876	988817
147918	18472	1407822	1346568	1453948	265939
1370008	1090591	60011	160155	8417	1463085
675953	1106181	31240	247643	1044217	682341
316867	1270614	679942	1467885	1069427	474310
777011	436960	847119	102877	823771	1456042
769429	514168	490114	1243947	431898	845343
256232	878753	884843	597890	676286	1435613
113005	1418009	458540	711558	1226713	425583
585261	613118	745942	1082978	88981	1037393
1449227	392192	976136	487560	1175968	273314
1254582	1297791	804800	1358549	509054	1005778
43619	1360132	761070	173963	820730	1420619
78050	601840	1167457	193295	2241	1445040
1126876	330992	120720	312131	1348705	1194257
654618	344137	310560	680315	54077	1157861
590600	1065392	1217268	1076905	827118	334130
1408449	1046116	864911	742201	231406	1421448
715390	884924	810771	1247830	731251	1456070
112976	483221	1141421	361012	447924	286890
256206	579586	977559	336697	464478	62065
862648	1052315	1262313	699329	379028	505765
1215833	452907	1356020	800769	248898	1039544
814926	366513	1342460	762312	418112	1270228
889716	957130	480523	168295	1154638	1440854
1235125	995462	1026703	907407	659626	134696
1153579	1241854	1469140	1061622	551103	1148515
1285707	387868	427766	299853	193840	1295049
994753	871823	739294	882755	1272366	1353980
706572	472092	166961	220986	636781	1245830
845534	331122	440838	789095	640009	173078
210094	473939	510046	143179	677803	224537
1289573	720653	936024	632157	837136	943694
819206	36103	692721	218502	1200049	481209
12941	957749	157538	819130	112394	357491
1228389	656865	313512	33705	1407679	7436
590701	1108462	583051	1191447	1330825	738819
136324	1449189	1055274	434407	621305	465721
1092411	1349205	1361573	1339655	931478	191110
1317168	1362873	786605	842681	1356807	769531
1083733	116193	745942	1231168	217640	1278645
1044932	498023	986866	363824	1084546	1321539
902905	1173231	456487	263323	2204	1098624
1013852	593776	174887	1269084	1267393	386445
87561	1430534	950857	1422820	1341253	1129671
232983	1314257	118041	638975	114790	761052
1413778	857164	521845	871063	893142	1081063
1409963	137417	249514	1326808	1338724	824797
608176	1450724	126525	166944	529078	1257363
1037236	744685	652695	1202482	226476	553740
1171077	617721	855592	604249	380974	581787
1431133	1099758	496347	58702	1100927	230222
629754	275713	995864	1022703	53485	1041245
598313	590691	207070	429185	687626	51116
757414	75937	298027	162343	16630	1325898
945005	852656	747052	768019	246730	984060
757409	230030	217717	722326	1316195	1089511
294589	206030	1149946	474181	662346	291506
1185192	503304	254736	705586	375291	1150863
889640	763651	225826	337282	777648	673152
1167235	428386	1170231	904724	454501	1318346
910525	958764	1212764	1007964	473157	267220
1209102	124184	454615	924658	1320526	725067
1269783	110730	1447693	1025236	80387	582835
1092364	1097701	134887	563340	223482	1286504
1101227	228005	951325	1186053	1179465	260481
866518	360937	53595	349180	1006277	391161
893035	842984	1057557	223235	434429	191253
955751	618168	1235380	290457	1129308	1233174
1013873	1452778	1216581	1130932	108659	675938
70372	502858	1450959	644854	1027152	1333444
269262	992682	259335	1025555	659709	578765
1041158	886653	1200290	781561	112062	382349
1216203	1267559	1112390	1445277	699337	139493
276906	1069489	919976	1297564	1409051	547130
959992	1213274	1059427	1130647	21500	847051
1140668	636276	297327	667931	972899	1328086
152503	373922	1009204	147457	139973	115951
378247	873892	1167430	1172224	1149253	44324
975166	377082	1289060	1069274	74094	767400
911205	863419	1317976	773786	893478	1060937
470731	69480	284275	712183	1118183	793350
1361580	1060078	1168496	151301	208613	127812
858472	172592	1299574	1435659	21007	597515
542327	1087080	1311401	36607	29511	1148800
404705	1003650	77119	1338706	305138	1122200
171758	1012516	222791	4724	872282	1164420
1060961	1421448	814415	1083146	914823	803659
1185389	511414	955670	575559	1405856	1094362
1255173	128756	894474	594173	1137922	327708
810901	1405303	4988	1111059	237086	187510
963804	695132	244144	822794	504443	1216123
532708	1029263	596814	464962	776325	1306637
152473	730448	741631	1360663	1036333	871422
1274575	1004864	1207641	896281	785973	297677
692079	1230689	69019	1399569	861928	326567
563760	992095	916605	920136	305059	1300994
620324	101668	199398	78737	1170055	946398
1066947	1450366	173456	400935	423497	935938
893825	1462595	1271212	1276999	678815	1385598
867121	1432670	366624	1266542	283979	342589
1396004	297990	1039912	941114	874469	1460052
921150	249259	1222434	795509	430725	307778
1216229	616971	509394	1224504	220591	901247
1344081	1374604	812358	231128	766005	1174315
1096153	660684	424167	95803	1411149	1413496
508369	562734	481727	445579	624168	470579
1387421	1001234	1218577	1311862	394399	958495
289899	900843	152116	135749	757027	706132
1029832	100096	778369	53238	535451	142016
264898	1201887	488507	933849	882984	893020
69988	47390	619665	115131	471334	1140899
845081	1239858	1286193	814467	176501	947851
1078518	217639	183099	44368	236306	1378575
369512	1216815	337456	646163	1140723	737441
1378693	1234816	261369	334791	628786	678099
148166	967835	207514	1041321	1346368	1372298
1259107	440298	105832	746585	1000350	1206901
1001642	1315989	1044425	709221	663978	821916
801147	5965	1436251	242456	1250983	1238000
295721	1345878	991706	459167	223099	1025463
1313707	314911	950917	19202	1268184	119857
854046	256175	776391	794778	180681	1085861
571428	1292762	318700	855389	930953	170377
451040	492785	252681	85400	761342	1180775
360203	1140101	1145444	810187	1120599	1007980
1216149	86205	1347086	1228922	331396	944954
1413415	950795	1156996	784336	1042547	1414195
132630	361294	1434442	1240369	476067	1393437
1228231	723743	309850	1143077	790547	714948
1109086	69277	1051762	83697	1042242	302749
492924	1111245	1308392	59450	232264	885873
1235807	786510	812458	422187	673951	722113
948708	258221	785830	680190	148093	1099666
757018	1027035	1116676	1153389	1098112	1241789
1014740	1381126	352057	658867	350441	1346399
1361618	229859	1010074	629678	1417484	454532
679942	848724	605922	232145	1416027	410323
848901	248400	1238684	877459	600901	219692
1404701	852198	56132	187038	110059	884480
241632	795662	1125920	252541	593525	227873
1118303	1414815	1140668	922275	969179	698337
351555	710142	1366213	479584	905826	554335
707570	123110	989065	126688	1396499	838461
707328	236937	777243	440693	1428816	939862
1430835	1222869	461704	107741	328554	1156882
1114522	1409562	999780	871595	929509	496983
1010184	733784	734441	466962	1449536	925090
1181638	857383	257188	1321151	187258	262689
1193108	1082883	886106	302990	982159	388030
416739	196183	1295081	299534	189843	1440325
1373546	716574	13339	697180	1212517	464643
1361444	193180	560886	239388	91937	153291
272391	115099	218117	781972	188109	689692
703621	220945	1327390	1360373	1106471	339019
416767	655549	1079605	1321599	837727	657935
1123308	532118	406392	177371	1382900	488599
450862	504969	1046232	1157072	1357951	1456156
715130	1053161	251056	992716	730416	786897
862908	155984	1465303	1256938	1390821	642349
703667	816043	32325	1148590	1138069	1267388
416714	433356	1231549	1084516	667606	67396
955912	240277	637955	729161	1059992	1348977
53193	1054791	248303	328540	1133030	953196
849089	49023	536830	844899	123688	494431
202222	190285	848724	410323	952378	1400948
967671	1174978	1132522	112940	1200101	1168103
765880	1219465	242257	480620	356682	1180902
96039	660593	1116676	530360	1027035	988165
646232	505900	865155	320145	1400836	1357750
241445	256713	1153792	1231890	1073041	1311164
1157705	1210365	583028	1207529	1301196	501515
294356	495560	1004487	1224343	893142	1081063
1020972	1349306	436290	157026	230166	505567
122074	379753	950523	1046147	1142670	103561
986268	1084724	1066451	584391	397096	268896
1029704	865654	139870	953295	980422	738493
975247	861326	622234	1162491	395870	223566
118253	1099354	1208392	627371	1060629	957436
1216123	702265	1372272	237368	1363382	1279929
396836	1419466	1063976	1294370	962014	743399
699806	662959	1181580	1262622	45871	1149502
1179575	71853	100642	1059902	178658	822524
820041	1064201	659156	721304	1068699	439161
661327	1426220	494790	114040	214102	1454504
1084012	1233040	1459512	184748	977430	252742
1305243	853853	1219238	1247304	1365329	1043726
963589	570650	1402575	1193906	1363114	470384
1084003	1017654	1358697	567161	752067	537654
1131798	1353277	1067261	1458888	321327	561192
454722	1242749	679364	11148	686063	859148
524921	758980	1031536	677170	260156	346675
906469	252602	93838	1206060	893757	1377006
814091	227381	239443	197075	766944	1168437
210938	999593	300832	296054	1280469	460931
885019	1015481	865829	1360339	1117563	221605
862968	891366	166237	952960	123647	1363039
1228107	1337033	1148509	1155617	456681	710665
628940	1013538	1164529	1177888	1451252	466436
1114621	519605	1275215	1242119	872441	382704
190852	315580	40205	850740	1191681	760315
1153353	1188798	1189785	1139129	343632	316375
940808	790298	1285053	704206	245027	214592
661279	1103108	890373	269988	1245830	519213
282333	1426750	1242611	1006926	879803	1013308
955999	1047104	125670	128043	999845	1065689
428015	1375158	941393	262738	1107929	1051370
355986	263264	257034	875456	1318771	206582
1181619	1201181	252877	997888	1370548	220171
269114	260534	242033	1023403	767906	698997
496866	788349	235671	841139	661993	543334
893787	386737	1132020	1134538	63591	1434923
317052	1084005	95642	204513	44790	1245093
241294	1093362	1098938	641999	508720	226210
408787	987070	671121	977559	256206	1361412
508147	1118741	1102651	795182	1167970	259193
1153211	1081768	1076964	87227	1470558	765988
1365649	1279449	1193573	1403962	863101	362709
1010561	890525	1325230	106241	620829	362863
536829	984850	527455	977826	1001575	379764
397209	1090639	1035292	290461	564257	992095
1158143	115946	249419	1208995	1253891	562704
477524	913288	626296	398642	1007239	721944
921379	149159	464083	1280789	485981	731887
837135	485295	1397367	588353	690543	1136464
818394	1101056	1242714	876631	1461990	599560
661198	909028	492849	82291	90083	1416432
217275	1232044	1226016	736868	1016450	911135
1166693	474940	410501	1322916	308230	549510
1266099	246712	1325639	1036620	356395	314842
769	683262	368583	598778	930235	962992
529086	261254	542533	869789	949921	1213142
26030	258960	759481	660901	38378	956287
1344341	1288828	82061	1126235	596084	773844
1016973	1068951	434163	1214698	1368666	1207852
276613	237384	1071001	1068055	1133510	116565
814579	1005419	1444357	1333120	634607	201919
206643	325311	168732	63498	1261111	1305243
265131	1350282	252078	231464	1031435	24308
577201	64649	283401	249981	997726	1218364
317400	158622	139952	1085189	1196995	1185958
932893	500677	388727	946040	774253	439248
564046	129975	609445	1217467	1093065	885921
206662	502839	1301746	321709	705440	711686
359939	1367731	795859	1389991	650382	465223
190513	1411112	1306094	942957	16512	48755
854284	1312774	350262	448536	949331	1210845
655308	505100	1272303	1302217	179772	416826
668885	864026	1091530	1295515	316572	114707
477481	1169456	1032126	258548	445057	1261004
521212	989130	371118	81082	50306	51630
113547	759400	456621	1005834	1375579	967737
1045315	124847	1218728	789080	172203	601993
1032210	1188949	182668	847931	260701	461669
232585	1232990	105941	213307	1223208	910544
140635	510679	945894	1022304	1319180	705899
351304	60279	692393	760664	1064708	968223
1170451	136979	939617	1403138	772503	243936
360504	1414024	709416	1002735	1361584	451507
295425	933571	290393	429414	814365	760927
260882	369499	607199	869417	676755	265906
1321190	807217	1404907	1412133	53333	1100037
1179259	1334624	1035764	59905	927531	789808
861	1060979	998101	364542	1448770	1010149
827622	294478	665359	1143899	786977	752109
1118533	618077	715961	969544	32103	1227611
1127206	800208	945891	125000	876902	1203519
4724	1019495	755442	171758	743067	852127
159923	743918	1215207	82739	440903	581861
944603	429080	643233	77288	1124984	82386
447370	672463	1348779	777576	962684	1422866
109209	1349542	375272	1231610	1088437	829512
889232	226444	316991	197600	365775	569091
1296804	1206295	588605	1206459	1328466	61162
268886	1273868	549003	1417794	1448335	444010
1140269	360202	1256568	819039	43552	1102040
272653	239578	32675	1262855	1223014	847720
360138	1286104	559273	611947	231428	1047854
360667	1311050	1062168	1377310	1236420	1365817
1084211	62137	744296	1345874	255112	338897
330077	500541	1352783	233498	890651	302294
470862	218080	418443	141973	114922	459807
247991	914325	757756	161444	693975	1302026
1036760	552901	1262775	386671	218669	1259577
360645	516854	216284	1316581	1348601	652382
624784	1240282	610927	467314	471401	769842
39703	1083901	1324038	207600	1304380	691191
356329	286252	379753	887850	750942	742970
290271	1215578	1080731	1182343	286568	987039
317196	1090432	1073719	825479	617335	130984
902282	762298	445203	1170470	1013392	205198
408646	1233174	1447020	1320442	1170211	618168
454970	378225	431960	799915	390726	878993
1460969	812332	680161	233571	250388	166006
819782	1035252	370225	381518	462432	611565
1135955	862173	1304630	744067	383665	718364
286392	1317163	737241	672016	930344	318451
167520	1428703	1376027	325798	277300	265866
756950	996205	255964	1086697	1218259	593997
1344469	873754	1041770	1225531	1207210	801127
676496	499890	515652	927662	1433607	575120
265042	1244438	1012298	1330279	1281558	402451
730928	692207	410419	702576	767022	434186
501480	729352	1447756	767402	964506	1367522
1208697	1084784	825505	144993	235611	1292436
925313	405332	309414	1137232	133348	585625
190647	126861	233503	1320098	433972	1413517
1352131	1417893	1123385	900461	1453827	1360561
1250704	599186	342627	614663	1187856	182264
1095721	1283736	430835	1024812	76758	310369
979415	868893	25054	689823	1044826	1194104
373711	260528	1005720	221493	1327522	315520
1193423	545061	428642	250851	1002320	186063
703944	59476	894986	1169866	565711	652724
1029945	493340	1333742	1152205	1452378	662449
814355	575878	927434	848229	1109381	655252
963850	1412200	1281042	704834	644104	196223
1053661	130797	775042	1188536	1458225	1264418
179537	749983	674626	1099894	723234	1093536
1006	121643	273960	1265279	1393596	1415084
1321047	881638	959500	255131	855956	49264
1061311	987534	64451	146406	777780	133405
248057	487387	351536	1433488	1392727	121657
1070865	660238	956625	1390730	768060	970132
152189	1004592	231413	1363057	1307171	827008
481431	422578	724343	559501	420656	54988
1189077	1069083	1348009	1151371	566554	918398
1391463	799442	190797	584895	1121128	951
225810	1014645	55917	807486	1159595	30422
18206	419993	128004	925031	422811	1018221
929156	770801	1048767	805252	1442634	1343212
789384	749438	1153053	352258	654975	1050858
837323	520814	909562	623899	553388	1610
1220111	389478	215915	1174611	809331	857046
1127345	219111	480926	648726	1015871	465283
1088100	900580	727261	805083	1042948	1431166
416398	314428	1326637	310992	392192	976136
252391	1461593	200856	1428703	206498	233673
1404544	1427614	740580	1242159	125511	1357929
1321079	1097212	321421	1373306	226774	1249923
554193	545834	954496	994642	1254538	1273361
776558	986324	1078690	878344	81814	1134024
187355	1417284	276720	1070397	191246	1132489
236844	83958	738662	1095851	1133771	370130
1453073	1087947	1177425	292158	473834	1116293
833223	999310	377130	737160	410758	787706
1024425	857941	1351875	523047	244880	1057800
1041770	1233765	873754	1140382	1344469	105617
1097621	1076234	60676	860866	345795	356217
1353338	1069965	1050026	903635	1131858	1230947
664269	297990	842819	1238945	1161912	941114
1433743	495560	986382	258590	1004487	1224343
871149	1248598	98568	542936	879850	1121125
890526	1107809	783155	1413877	828798	1251110
1139147	1372959	312048	1403988	839878	523275
1240592	351429	1438441	672836	1113367	1172735
1448156	298360	234970	873605	1315706	1074193
564326	820235	129375	947554	147567	838373
1206168	516795	852795	85853	503044	275071
1344524	1079150	780765	675597	1346540	1272661
820618	770929	657411	280269	72292	126831
285048	1113039	279146	1453554	1005521	416333
711885	1338095	276430	558255	497736	130775
1380284	71932	222756	411765	887151	1279265
1309979	1113820	1464452	212709	681813	1301531
878753	1333974	1033568	416763	1096671	256232
236167	795138	118933	1326607	297552	437487
236164	1089777	678556	888505	902527	304778
919646	1384912	1081842	142733	1063112	1096289
1414967	996320	387825	438801	229271	1291514
1170222	988803	1294420	289555	209948	303397
1074120	283401	1313689	1191856	812898	277603
1231944	1355093	5676	894123	349843	410350
219088	277183	81892	910442	61260	1253698
848444	861469	487462	447251	316450	721304
760348	995141	8301	1241854	375297	873067
1465398	259062	17534	366990	102876	818672
626501	1005419	1280244	912740	1281448	803069
1314257	1081874	477213	43322	118041	852600
909638	1456833	822016	595682	214592	890341
1302307	1271020	847943	115083	473687	759673
1099854	1001132	728399	812075	199011	414850
1399315	504351	622246	749027	1107260	723683
560396	1326780	483463	747162	1084509	527935
1310029	765947	924484	31537	1210342	1396062
113888	798230	536718	1362738	803288	1109604
954496	863710	554193	1071006	44312	1069659
611164	1358748	468718	761536	540890	540838
1414982	1410556	1185877	713094	717829	630451
373794	597185	487863	1243985	1236529	215365
1037921	1350282	252078	1031435	1022563	939937
509904	1372474	1202466	1426716	807710	1195898
993394	115418	828370	12837	1062836	368583
928327	638837	110906	924484	31537	1071778
513762	1346461	435260	43604	269729	1012970
963314	731452	639969	1183938	275998	987039
1305708	897023	1300177	948158	100005	436065
25269	452891	838587	56564	976878	834351
1123649	742276	1230658	1020200	1086208	1392848
950689	1021351	527188	1107569	807727	395744
774066	867631	862162	254804	1453880	1273925
117596	1466332	1245364	502576	1424012	130592
1170285	695926	370074	712143	1149007	222044
1219063	1035854	1171258	1290756	1141967	1128592
175009	1113006	191633	429185	687626	548976
153011	825214	764756	307351	411935	1206710
1139129	814183	1153353	292433	695725	552357
1380303	385081	1027547	335327	294962	1267177
456320	1265391	809588	230948	101188	639323
296318	184416	517897	843141	1365652	876821
1448126	954075	809255	1445282	271586	1269625
110059	1346828	1373045	1371992	887441	205131
483149	383681	1331027	1411415	53672	1420125
1065469	508240	79720	1042398	1169026	47268
373774	1034719	1340127	454720	925118	984053
989959	463495	953379	1137375	1023369	1170358
274061	993673	781696	1293962	342487	293664
1305789	256851	171892	180715	919355	1230554
253673	414305	60326	980166	1070326	928761
425957	1244863	249937	986496	434036	272913
1206031	1334624	1035764	59905	927531	789808
197266	1326662	112979	783132	1108329	1308919
236066	1002735	1223217	862524	1046026	488297
898167	368941	1211700	822596	1444464	614663
829295	784005	678634	1145371	336933	412066
789647	320145	505900	865155	1131842	1127152
993458	619149	1248489	626979	1303921	201084
377725	1013488	1182280	1431316	1289845	414046
1326682	775180	178405	19324	1400545	292717
496364	223302	941718	1143470	1393774	867947
1069103	1230048	1191627	790547	714948	723743
649547	636847	1184827	588128	1255184	1366598
1338273	899844	572650	940921	1344636	65695
1344701	503558	757516	154989	123791	203411
606864	259837	203839	1300047	54442	681881
733548	24346	740960	945823	447057	976276
36199	214812	1110406	662960	553131	439976
1183934	271821	707984	1126743	882735	717621
51617	367712	205096	844134	535296	530706
1088848	1348863	217816	1062187	799894	1427317
529759	372802	601780	535314	1118727	126892
971948	1168671	622849	950873	1129221	617231
1342112	197723	382502	159773	621769	343854
733564	86419	881164	18553	208957	311494
694441	1043738	159069	812345	273283	88688
339065	57231	221903	336595	227521	58957
1158179	1156507	71891	1420518	1279941	277153
483204	1470993	40575	987798	1064837	1143469
1084535	742753	182843	144373	1223401	1211490
739049	139669	1471266	16770	1407721	219181
707933	1063767	546624	536830	1199621	256713
218967	1074969	487333	1012001	913714	1448126
196228	901535	1022327	1198957	1319913	910483
192462	753210	224423	805513	1386293	1325858
102197	1120599	238528	332085	918315	544300
129188	1339373	1427163	667117	951907	284844
192461	1296370	1452486	55346	536265	137154
79332	612339	901272	167137	210836	432529
214558	233165	759598	315130	556206	660684
335707	551684	309373	964052	370836	737632
878664	35224	1314578	1027274	1309473	191764
1387785	621853	860681	1365906	1189183	857608
1034185	93552	758645	412751	1465723	554982
1135182	1424204	189379	725140	723642	1360281
1142829	224040	322701	1073895	901208	121110
1088830	252260	1417767	1343157	528803	100226
738964	834863	1386800	157385	131588	737481
1395617	611915	523600	434577	262604	9444
1197346	1355810	1033399	718977	1346368	610159
1407216	1387186	986101	434507	1426418	394004
60339	1193573	791567	1430482	260877	25660
1253801	982311	1220340	893430	1145278	1404541
148542	352959	479041	372046	248037	914252
655487	217816	1427317	1208945	1297562	790920
890446	478820	1388605	886310	1303966	1437923
1178033	1198146	209473	1470963	572075	523073
370074	798494	426209	1459576	683897	951040
1433684	836302	145811	639001	760641	1182711
659782	247186	217669	633241	1318795	1055189
174868	1470742	922972	676446	975194	1083624
898079	1464031	1177545	172075	668628	738700
1227550	1095801	59904	34384	411929	515932
1223208	1039400	1437977	689568	1459381	555409
1142787	175261	1379507	748816	725230	81165
1065322	263195	1180063	1060649	1116663	886041
1192	654847	1330594	55399	59908	1387642
890482	602062	217648	923631	984771	643144
305035	573378	638837	986860	882545	1226956
1138988	680667	365530	582402	1107874	1206497
218897	1416245	604222	1434102	854716	335068
1088778	1236378	926563	171678	717391	615836
358854	696496	584095	268216	589539	475945
1050047	251617	151923	1024652	1117969	224816
575870	923432	40204	924104	101166	1203695
690227	127642	512051	733678	224327	22687
1267696	499290	1228698	1462394	1302777	448587
673143	232455	1412839	296107	1439984	1275744
492123	302981	1288489	1159425	976276	1645
232076	1093581	383246	788783	1069861	1078981
875210	279748	1362789	655501	137147	857357
603316	98300	469351	936682	932289	1111587
1380029	1334153	526692	1162793	656718	1084445
343276	680952	360542	590916	759420	180882
1084883	267060	716574	13339	697180	249847
544831	359466	1111194	472844	828256	140612
1387713	370458	1062679	611988	921502	822345
1329239	881776	553448	190556	817198	318963
690210	68242	10779	525079	1039240	540862
833473	974062	978494	784336	660968	834695
1188420	1038791	448478	125662	1465855	185012
1184020	786217	848212	1249733	2898	1409121
1402888	1269915	928476	666171	610500	497611
434704	986445	555744	521357	84824	631672
1369016	62458	1287201	748572	229158	459475
1337913	595069	351410	1305063	1278428	1380641
1444040	250158	88920	1197697	1330653	811206
447922	349595	1044764	618077	334389	715961
140158	357991	811986	1456232	1176152	311411
1292513	1223660	1068065	940838	1134274	717854
1158591	710275	161460	1373951	356317	1149928
1250062	565602	1095821	1125256	1011211	45102
950481	236200	673488	1243649	1047540	81621
835707	93933	1438042	623137	1179207	942413
1407263	850719	1437456	1137659	167773	455698
802409	104123	431898	845343	514168	1259821
86693	1035292	1177147	250401	1115345	1350623
560225	1004622	708464	732627	1015025	892045
1062731	359435	433648	1312426	721472	602605
676868	986682	1359297	1236113	1221242	1020073
1392039	898389	845773	1226533	299134	572991
928587	101029	986167	1181669	247199	735808
222694	298843	216948	857160	719095	110987
1430145	1201160	1463321	476442	136329	553489
789834	1217734	633625	1428162	1393146	1330551
192095	1071378	911926	346888	1304345	1297135
265672	868219	785756	399348	286773	572497
890826	1067738	1203785	1182210	810847	428894
963564	1276468	132998	1208938	533662	978128
954764	916403	294562	469548	935188	1466754
1353524	1113877	1216275	773768	1320178	297350
750661	992288	302053	882358	1221647	1077102
456617	112081	556899	163549	1244933	349759
232149	344279	500410	1228409	103347	814321
906001	377486	753907	171365	949493	809201
16844	801681	865925	798381	127479	1327245
1016450	368250	217275	353414	1195681	1469974
67382	627446	992393	1429385	703686	235838
1318376	465494	1450440	476029	1051264	137176
1173779	1471951	42671	944513	671307	37063
802318	1019828	1369156	1073613	63618	1242799
1158608	57231	87074	302587	721709	221903
972159	83148	949539	570825	861963	1246919
1184097	1365486	1008214	813479	100821	261016
1028590	1299765	956474	825990	1249233	119124
239751	511740	60160	840288	614894	1298275
789865	384263	171787	249696	243547	1028793
685644	65211	1071962	766483	439855	1267392
1184109	831241	865649	753708	1416514	806806
148894	472476	754662	801941	1386862	570545
793693	1338669	766461	974143	1470152	183484
131396	494401	631637	755232	695268	1020177
183303	261016	1089746	898787	1278974	1003693
1309792	608865	819645	1080083	1008949	1320206
781522	374101	509506	96193	678423	1168568
114116	118493	239970	801254	862248	1111046
208939	487138	1104251	258581	536589	174825
1112626	116584	796116	666156	730970	1277503
1112625	1323693	1303806	542279	1004592	729197
399527	865131	613076	1365270	1454976	663978
346888	775400	1292929	605347	640651	192095
1093428	113373	766063	856032	1109193	1367607
789902	537654	820235	1248718	866213	121234
1210152	1043015	1129297	1029895	244543	1400103
901885	1201487	917269	202554	705721	245890
366465	601156	1438255	606911	869067	1022657
1093438	995987	735314	330320	1470096	1257437
525656	500461	1365323	839153	217414	1307737
1333742	987519	1029939	1029945	1048691	768579
820253	1465360	1414787	1277133	983528	546694
253933	969944	504993	1082762	785558	1437642
1188558	1454062	394011	1324400	335796	479680
890642	1080083	1008949	1204029	1320206	1303905
681858	270463	1097201	201008	274112	302706
1306038	572767	575163	233774	327884	1076582
867573	100642	203344	666429	178658	822524
25429	1019803	752291	490402	250355	959074
101953	1202618	353304	112356	87580	1158802
1298412	1274938	1402255	1398429	1110042	829400
659500	1011912	481353	908183	1438406	1228544
1131016	1421651	1267135	765266	705668	1387885
746884	370080	539077	1367562	237417	1068376
972223	260206	197729	280044	1086523	154316
1003321	1396700	1357926	611113	1286915	150337
789940	362032	246937	237145	99422	197895
778055	103459	1469923	963683	848916	1319506
1298423	449244	178459	327257	344674	523966
144084	961180	1273868	1221012	889705	907588
404286	1334410	1180141	298113	284621	489976
1158470	371251	1087796	1195218	673647	1277033
909525	1038654	565997	1364845	591327	812641
1368930	1240722	362785	258157	1363101	1002935
1245890	1151533	1263338	110790	1328240	736020
805127	1057611	1249621	386961	506938	199285
1426220	661327	208737	1129160	632608	853803
859865	515860	722874	683643	807025	452592
802446	107077	102649	674745	555268	810296
1275215	1351315	862729	1231148	1366494	1228223
711962	215872	1395379	820532	946305	114273
192202	1342427	944674	126488	470326	1140923
1100234	1396609	779641	960921	1272714	1116168
959071	168266	1121573	1106095	1016445	893675
1407438	1153128	1059234	1409059	935735	702636
1452644	243012	576309	480113	1454003	642211
1073681	377486	753907	171365	949493	809201
509554	357387	1046285	961857	160032	1247840
249514	915826	1409963	1391076	137417	622665
1007168	1066197	1036829	267871	991636	1321080
867469	859999	981495	409468	1048032	1470746
871196	1429477	1028327	330366	971938	1109685
1244875	1185786	1115296	146091	67120	936929
967875	228790	1398036	1402218	263902	840013
703367	427097	686739	689998	234785	1391601
768433	295374	308986	1192871	268119	875866
859876	176039	474635	313134	1370875	280875
1329317	1244775	200550	279655	1332420	1186791
575612	1066197	709343	986537	991636	510566
1173931	653501	1420084	179631	265227	598578
75241	705647	229926	1108106	1198383	677123
473204	1348904	1353498	1214985	775794	1314857
218630	591961	799900	1161241	573378	1280956
35886	189817	681881	418425	478732	203839
573436	73844	952128	951977	964331	929629
1337616	801146	1437547	278748	255093	611361
868183	566990	886028	1190880	924540	578572
797777	1036829	809308	983189	130797	871338
564828	653675	622340	381182	1044395	973756
1314745	1233907	391795	467001	1470742	688008
323755	667995	1455621	703425	863667	401129
821183	893101	567926	999327	1015197	441664
634670	1427608	795678	1132434	890428	910269
568602	1216354	484940	48394	472342	984054
712416	1346272	1320052	173022	512568	643273
564805	675176	688329	199672	655190	1435683
859432	644990	1465524	838984	775400	1292929
21381	1044514	949353	1099486	903248	1338464
538008	331396	86205	944954	850692	59813
782256	108266	763249	1160019	138282	1187278
1326275	602076	517068	352872	1057859	1151860
1033482	492086	118358	665264	1116990	235734
629838	251959	1080772	52442	708694	1194873
1266913	957710	1233377	1364414	593424	1453026
702576	730928	102272	1322838	410419	457529
924484	1093229	415747	362828	241432	731763
721048	1357961	1342267	1307337	1118292	694790
1037362	598579	641381	75397	1291514	1112065
790043	996291	731836	36879	271299	285023
855082	1199943	990893	1328070	941281	1142175
1444851	1458388	1381942	737519	667819	516817
949731	1330577	39912	1382634	1342797	1304857
513192	960921	1272714	1116168	779641	857133
191765	772957	752760	768327	1285106	987534
491340	1373904	729244	340185	295951	111045
742772	1198986	166237	952960	822471	1005447
1297483	810757	1277586	702288	727033	1179082
721039	827068	1161777	404011	1102582	866589
949746	774223	1354703	1077695	286404	1243947
868112	76498	781135	924305	993913	1414024
901378	673127	371797	240104	651171	1170102
859505	1363991	602285	775608	334088	724295
802087	1357812	874947	1253256	193637	435341
702483	1355810	1033399	718977	1346368	610159
1438676	591894	351017	57703	560516	235078
434549	1354189	1047907	981803	658298	537293
1104720	1327120	514064	1109359	160035	11739
1306202	190118	1292234	1388174	196981	429148
374301	954996	1234321	66789	1417444	383155
9280	1426750	1242611	1006926	879803	1013308
610663	866589	1177608	165215	827068	729767
273542	843045	1106689	226304	1001073	589503
1345126	864757	1348904	372936	775794	1314857
1280226	836733	620142	1322461	1334624	1035764
1240181	1230015	1009447	1447546	1042445	714710
825042	383155	954996	1057989	138479	1303112
1073557	17894	238929	269161	1138534	1309940
1364895	1402235	478892	217269	888138	1158566
1089409	175329	323181	393973	161569	852264
1158887	1406887	888495	1149699	1012125	994101
790123	1084347	893299	419205	1104181	1230300
1089470	1181503	748406	607071	101434	775921
1065932	1048559	883574	1045731	799481	56209
1150139	856144	1225341	1435547	694840	562048
408033	855372	390499	61224	1200963	1102811
883711	858213	1204991	660869	1195218	673647
840233	369483	260893	846534	1088325	283613
1403730	496249	801375	1035133	650692	342910
910160	429198	554670	1073853	1203643	1121166
668067	1313873	684057	1130631	1092343	647472
395951	106743	1271818	829416	563706	595799
174485	487233	961339	6456	232025	1316291
417622	202194	310537	933006	654975	84605
261723	989806	1040363	1339807	1417416	1158183
1434335	256067	745696	723777	786379	1334100
350716	547342	1352746	145191	818239	302545
1306266	900013	1302711	529189	151827	811386
482704	153265	1390441	640139	1252675	600618
161055	704627	1253167	876883	923882	1069245
747162	1302026	139162	560396	914325	757756
143834	493780	692577	1324431	897967	884305
1452337	972390	112587	1083171	800949	354068
231730	970078	243667	949647	30650	850110
962574	1167688	110059	466441	187038	745971
438414	1363561	171107	618859	708225	701094
742852	1346461	253973	269729	1041359	607107
1368084	737232	1205985	490869	305197	947425
188144	764635	1279212	570642	149770	1185220
1262967	1230947	1211159	1470054	677218	453714
95050	257406	298843	653331	714519	1092123
1271574	743558	774542	462451	886925	904275
29029	775677	568089	264045	743496	731126
1392199	674710	50176	1347100	120066	735883
1456155	1384214	389639	916747	758795	901911
13742	368235	213863	253190	254705	68042
905440	920950	707375	33238	170800	737602
1227075	879838	899278	651067	1294565	1280193
1209345	1130258	1408718	1311614	1178049	904578
240507	1246213	973017	1076795	156193	856211
863948	675844	1124546	590728	991831	514941
828798	1214605	890526	457614	398683	1240999
844210	915703	1279842	1114861	433073	843367
1314578	1450431	866772	878664	336918	586358
265749	304911	578331	1352574	1084277	731373
143852	334470	48538	1283961	35550	1285368
1266811	941106	1097240	1317163	1190337	286392
989665	1185706	1350051	855833	682246	434609
817436	1025491	662872	1411425	1370172	983682
1280014	1334624	1035764	789808	265588	1108901
1124224	162266	1040780	921287	694973	280866
184313	1257894	112490	190889	107535	1421356
120989	1092415	1315749	44214	784563	119775
1134691	127937	118592	471105	1330917	55322
848111	1011630	225539	1433901	1051316	348237
1108096	1445909	1062168	578813	257924	1236420
733993	1127813	959145	113864	1314521	37136
832552	1424630	1232658	1295604	1147986	1089772
451892	1238929	1016815	297212	855956	1364613
1112510	1241339	112587	244167	1349760	1074661
751584	247608	1059427	1130647	21500	964199
143765	128552	115315	117507	1075081	1163545
747214	112273	1018580	1164852	1438390	1467948
590853	1300169	501964	898490	634013	405670
513089	383088	290864	563612	711915	787617
533598	163801	1146036	391520	170429	1263605
36668	763461	51298	1262218	466437	850894
1215058	1368196	60542	448638	962710	579787
9436	831176	168736	219932	935901	1103361
1434231	1317542	78578	961304	912607	1059690
848112	864247	388589	1024187	739403	1239592
1054347	23319	398642	769023	434043	821761
1438535	372412	310811	445745	1259805	511414
504554	135049	707806	446479	253973	1346461
638691	1098862	89767	1130779	149870	1391747
719992	1450716	1305166	967370	1164120	263459
1065798	1011935	1045756	131430	1242066	1227075
968694	1459499	677190	1222187	222107	456477
945178	1345126	1222065	379243	887743	1074948
932333	329945	798181	972158	1123602	821371
1205572	1353868	1043002	192282	1142639	416086
1452382	953903	355566	318157	610927	467314
426915	98817	400720	1424795	423329	1105461
265804	1186611	742099	366870	682242	1371886
660297	1130910	505218	242568	1428095	1173212
828718	1088292	666283	9863	284043	365770
541399	389639	952332	905118	1283712	277819
455728	1436656	935994	453585	216703	1033940
901563	34384	1276119	411929	248071	723683
828713	473281	345067	1305063	1151459	172150
768666	1321981	609092	779080	1467296	115156
121050	1020409	1363134	390768	526147	610666
712193	1016445	769324	761922	966445	45958
170567	267145	737459	758973	542379	321709
985242	116164	120860	1013531	355893	106276
121055	768873	1162871	1086883	1389122	587743
1236582	1299414	531323	1395521	1013033	896161
1029033	252178	751568	723702	430577	1238831
941758	995130	386972	826686	974494	187258
1253952	1149842	779084	815737	946935	702162
1337348	7215	871192	214805	951417	811154
25054	812800	510018	1151606	586701	979415
385725	363164	1343337	596681	737630	790152
883340	481866	927694	1061445	325056	1441375
825240	926969	789151	810906	112552	1067710
1139429	512985	167712	957928	588003	481673
790315	984539	1089523	1372110	1031749	1333715
269978	1374753	856157	177709	140641	775230
149467	195346	236806	204258	1164705	252312
994058	757027	1012243	706132	288136	1065824
1192276	491615	1160995	1233174	653148	1422869
1275808	553645	1393902	600910	758388	490476
273874	607324	186082	828884	414835	849267
591325	798818	688353	944417	1412543	723454
1150425	383265	96033	790446	929966	121592
188273	25660	1246430	841493	1217193	1385245
820916	1187061	212325	1128565	1361793	871102
296500	538981	1345596	1156049	185365	882997
1403436	1352190	285041	836867	810392	213952
1240362	1271704	1064454	734782	170043	182108
1262787	702801	1381725	1269555	618146	1027096
491615	1192276	793871	1401382	1233309	1352891
1364726	480027	605733	1360600	134488	764898
1345286	745107	1415530	869605	1207529	1293300
894686	121874	1045571	640257	211645	674997
997888	89528	800200	588062	1401817	872310
962994	871573	1302648	321990	622117	1206893
1139395	681685	1043662	293140	867897	893885
300832	210938	553653	1156000	948325	1265938
677460	987593	1033355	779826	300971	1179214
708327	1219774	1076396	1054578	802296	677028
1368504	227783	534237	1130451	1326362	25476
1096851	768970	1305136	595089	994366	754595
828666	867109	1184037	293565	1180252	1310653
214493	766702	1132046	1187399	66858	72407
989302	33227	285613	617841	989095	690525
491095	231985	1282141	511306	800408	72725
129816	1144778	327257	252801	526542	411070
1444489	1336508	1138286	511758	1008631	334366
1438406	691897	659500	377824	794192	54566
1414248	236975	873392	77354	345971	1308132
1046310	530575	918656	1222338	1089761	1034373
1073297	349595	1044764	618077	334389	715961
1271498	1367586	732403	1077934	1445373	197174
1301531	1470195	1309979	1177545	172075	668628
1314539	157694	119101	264902	808837	692273
1015481	218111	182198	809122	398417	853534
1162944	1235281	1000883	1269373	1287273	1249682
663978	121657	487387	351536	1433488	399527
716013	1408654	312097	1095864	234104	1004606
1096909	465409	428522	585777	230711	45890
894611	59215	611299	725334	876594	1195585
840498	678773	11647	252411	107243	515687
1297676	1454150	1455718	195934	877571	1465075
200831	1057386	676726	683492	936134	511742
708282	1122322	89590	756858	848829	909562
114667	162028	719642	1160487	1243560	961092
21247	774804	405470	976905	764255	1447489
798004	922262	24736	1461754	1258815	898923
980268	886186	502663	520930	1440635	835527
843888	978977	244864	442657	748295	1364923
1410410	1095333	1090861	316487	947291	989701
1015444	441830	1302555	959986	1216824	762804
941760	198848	803308	24927	872523	868923
1284329	799134	305705	138348	255093	1455701
989378	373511	651439	782629	1443040	204225
1104519	1459857	1030568	1191486	298840	677908
1006598	1167688	852198	56132	1134162	720389
1073238	380631	509363	1084104	649850	1459234
976097	105668	298893	906464	400194	223343
890151	646070	645680	1170207	705704	399960
777555	692435	1315309	457500	155445	422134
825104	24213	1344071	1100903	1365537	1380714
226864	1321200	1438187	779740	344434	1383508
595069	1361228	1337913	786846	686369	750393
1128327	349595	724599	1044764	334389	501434
469761	130800	1146097	724683	99306	324619
541605	429080	1282019	1769	638176	946358
751267	988720	468821	347600	66119	156057
976125	1457878	1450465	946309	481122	1340546
1188070	907471	181416	388837	1259440	840845
121262	1212814	784951	1189323	1102594	223694
1245364	325836	117596	744609	1373359	1469639
733784	1010184	642667	185605	679895	182569
751259	696198	926946	821262	513917	1098500
311882	358588	813091	695251	947038	582046
1037729	293742	1238060	1255580	973254	1380824
1444451	1399965	1457517	675175	1104597	748872
1054694	930344	1317163	952272	680315	1390810
1134865	98768	102541	221023	567271	974724
94832	127006	264252	708272	779625	651270
1429576	1226517	1272265	834074	741946	360729
2011	110906	638837	1071778	924484	31537
790401	613605	1370713	1467523	298311	883467
1403538	495694	479151	1292813	1358858	264528
832840	364759	245736	1197051	553115	934119
1115380	199151	675720	505489	642156	988562
174157	1470470	936007	605136	351405	326851
266010	941562	141808	396396	1409902	301296
130017	231167	698763	241286	1193298	81595
855463	298076	566489	350368	769355	1398613
832834	128869	1176462	138479	182175	1173794
894521	795362	1277652	1325852	962618	258485
214316	868071	253032	1326745	913971	146872
715903	885016	1176339	38413	315161	713945
663870	881164	429414	86419	154408	691230
1372281	355333	487357	1449624	359772	318598
801979	1308605	647893	152801	1379040	1174978
603733	914550	253619	217930	241627	869635
968394	250509	1035109	539111	1181540	184513
44123	1148634	997762	221051	216065	398232
733744	1424669	998541	215084	1026344	1346078
214304	368329	866796	1027569	767402	711126
1219173	21314	825516	372592	1105318	1234023
431010	1320272	212217	488492	708836	1112343
1297850	405809	833276	1301095	232455	460463
1425670	511642	106732	182268	247967	520029
296688	786236	612576	883523	549890	988971
1104612	631267	1180229	451453	398655	1256376
174104	450975	510217	1297258	940535	23599
1134930	1211597	260836	332270	906716	677028
777529	1102689	1172025	508192	1403872	115936
777526	1071619	191633	1143497	414708	1333830
139669	739049	1471266	1104166	1076895	1402442
673706	389955	399450	754259	318211	1242857
301039	164803	320050	1289660	940499	514692
1379438	221767	325559	976582	1106267	607672
1392434	744609	491851	361453	1373359	1291212
828470	1002735	238604	1428513	535308	1381579
588062	89528	997888	220171	1401817	872310
663815	1244634	1357961	200526	1118292	160886
381206	1368666	1207852	738872	662681	1259926
610031	888127	1357584	1071356	764921	1449316
812643	1207806	643531	300668	497000	180689
704818	844064	182550	265928	1360445	444606
200390	1318284	145136	926578	128045	1344636
610025	776905	668615	993698	1031457	590043
1237713	966028	214344	1116967	1321667	32818
23918	203940	1170982	822041	425529	351676
1419421	158148	523807	1449790	201664	809735
1134436	875199	1437080	160579	963574	1089183
1077045	973236	991846	1241925	252894	1134939
1377145	337277	187609	1343546	1434184	125672
270897	746585	1206901	1076305	918309	922778
763312	254347	955178	579126	115529	386155
984714	771013	1049803	40201	493767	356207
1027435	312484	958973	520814	1050558	848829
739991	810120	710142	767109	171384	461140
767109	636749	1458320	818941	867418	739991
1090145	1015078	1053692	251959	1080772	744723
1226555	906979	1038402	444322	232356	683179
763324	1307603	1110347	1236316	736225	432966
1226554	644284	803621	905088	1280133	422493
1195652	889115	862720	260786	213656	1323414
1035262	279414	869869	447135	422134	692435
158322	470241	952548	1241247	665081	749990
453417	593259	1201517	917046	635201	1036443
1260727	864827	611164	991750	1106444	1003994
398647	862859	511758	334366	1054156	1421188
246696	648747	209426	1033438	485041	161657
704799	186466	931268	246418	1101208	440424
874281	221605	865829	1015481	1360339	1117563
1117059	918157	998990	242862	526614	1162486
662903	1348457	224410	489044	677558	458644
327267	1332001	635639	761498	1051864	629619
1000042	389847	378249	1455775	1061871	675395
258272	597918	494089	563132	879890	1025721
235078	981562	54442	1438676	715405	654307
1120937	651953	1459834	494218	1112928	180580
284039	259186	474358	33643	385029	778190
1398448	1319351	1050230	1382193	565318	279236
238871	1203525	1293365	318385	808470	529358
1172665	686613	998615	596439	1022968	197319
1228931	843141	336699	1036937	98735	1058502
1433393	493541	352894	353918	1441737	748302
1441116	1442695	676173	1176473	1085044	238443
557474	502858	1012285	1092259	1318685	644854
158317	468056	286124	618368	857137	1112107
1202241	740516	58454	488395	957008	340545
1462425	620152	1089409	878638	1097167	241865
422904	1223217	238604	465193	453260	234773
1054953	115418	1164448	426762	551011	930235
799696	455694	518735	235674	659824	1366673
604479	724599	449006	300751	33064	189171
284153	176549	800539	1163294	1427653	72255
682653	82291	1459324	560114	1204764	256867
1371690	872610	217328	635583	1052648	1419968
1462423	1355693	515351	860173	792849	821961
864757	984354	1345126	1222065	379243	887743
1345680	880603	872313	771829	951355	1305060
388358	302800	840499	669332	500370	1352143
931749	302294	1111708	219124	903929	500541
2241	1023142	78050	622030	868430	1183929
1233377	830179	1241950	1006276	1321409	1051400
795334	320016	1234134	601059	390290	1371508
1142122	99307	198195	201805	203635	522993
1103246	1345874	511297	338897	190325	363656
693410	24027	339122	199509	791677	1110880
1358832	363567	1398883	874713	1361997	305966
1337219	593528	276524	958338	1136492	1104569
1202282	893101	362808	999327	1413880	862153
847759	361493	1234960	113079	947429	1205313
767205	878964	1469702	533565	160278	498220
1447020	612173	890116	1308113	670507	408646
1388630	187060	511107	1080653	35224	191764
1233399	852198	56132	110059	1371992	1167688
235023	699607	376943	1080468	242261	1158317
375003	733773	759617	904200	1299406	442729
1264510	934361	284057	787412	1074969	487333
1233404	206656	997234	1041952	111130	1175950
110599	881230	1023297	645680	1432916	1388078
1443237	1003084	15460	4773	998412	487462
934119	859079	518144	875470	332218	832840
1276126	859709	72750	1305637	660475	1160947
1155276	103454	438991	813232	980841	751267
407545	1044826	1096316	1211661	467884	1194104
32653	519605	1275215	1242119	723821	1092212
1042723	1039779	252139	887791	1424968	247332
678164	1138683	340198	935215	708626	154619
1000138	1305180	1104862	726003	893034	972502
128045	522993	1072140	780270	1420015	1131464
969085	867693	761061	661256	854463	1211010
927334	503887	275239	82610	921717	1230943
786537	1103820	900243	320640	1116416	617335
1299228	216284	1320084	178007	1358529	1200153
767036	1060322	1217467	1191627	547776	971312
116544	1335944	932156	780247	1182233	676776
24010	487496	834361	167808	1395635	183007
1146015	1365996	478412	1163537	61872	96458
1237623	278869	1090938	309336	731368	806416
1019833	391212	906004	1079119	1327234	937225
852556	1004673	281697	43419	864364	234758
1098855	492295	591283	1430423	492998	228553
1207273	520748	627349	1148437	1030920	16297
1441237	39036	216598	646692	1178744	1095821
193110	1462328	368725	978296	901535	63986
173987	805656	152031	556816	953352	570337
1436829	1407675	878529	1342530	985572	85846
557393	1181831	760181	677795	1112696	1433798
212311	751991	643033	1463305	145745	1467041
689456	1073988	552336	530814	251025	914217
147301	886106	302990	1082883	1341336	982159
1211046	390339	331841	55329	954526	87237
1094549	628784	765236	990235	490651	120698
905068	430402	902742	544724	495081	239176
953846	257378	555494	708570	283033	562664
682511	115418	1164448	426762	551011	930235
433226	1466239	1468998	424967	199104	1465429
678227	1244622	1344562	116418	1382078	287006
250470	469548	225870	675577	940313	152801
1151946	1177853	364962	1364540	173171	513153
472485	794410	580070	853867	759082	533823
877753	1231459	352674	405199	723547	777412
1394527	880091	464773	841226	505029	725157
1142249	119446	1222430	1450765	1239249	348578
279655	93618	1329317	1248916	1186791	209841
996652	829773	294224	76101	1191557	544646
1176920	991938	1230543	1070895	1412626	908521
149713	997660	1305279	191224	30766	693795
543805	463526	886474	350353	712333	1218763
75821	398104	877552	242033	698997	203772
698228	1024096	802855	93690	623658	534467
1283984	504020	113754	1046761	1187061	212325
808399	1164168	12710	557572	1173533	428642
1349903	745515	22256	1331859	1107617	984060
790797	206714	287117	1400797	1063345	525692
1198541	918053	946908	1230914	1443623	107021
817063	591705	546684	323810	1150863	1126823
1134490	537613	62645	970199	1358817	933913
514714	1168995	1130567	961710	1282165	1128466
1405972	236975	873392	77354	345971	1308132
966509	835203	1063363	234760	792190	1119270
667395	726385	1063655	402907	570658	750680
1471400	1395481	662782	903375	137865	1448770
1306827	825401	740550	1180578	1434118	515023
1256633	1234415	847249	571713	934085	1335939
116469	1047398	518772	103269	368583	897583
755416	1421651	385899	1316715	1461911	1435848
487570	72407	878001	734266	1212669	1451562
755417	90534	1057377	297895	114292	100217
448832	1006206	582060	673568	284427	501480
495236	736186	936748	691935	290461	250401
748031	1069783	1006006	1160469	1070777	1372931
1023785	1312892	573810	704358	585043	119058
200642	709730	1001131	1175296	832937	73676
704562	632038	1447210	374992	120111	663373
821318	1338427	244538	1422055	264603	1355810
953381	586980	831428	1431068	1378047	1115907
604278	609606	667139	1160077	225039	1220483
1226287	352695	832706	569531	554	936929
968930	1462100	220991	624044	1116691	1389651
143257	231406	670417	814415	883471	1070397
238610	767133	688591	563617	253973	1186311
988824	691079	1097351	546047	1162081	7450
1291303	571321	896295	364962	664377	562445
747989	392867	60023	1408306	513917	869974
904845	857736	377314	330363	1426680	1152899
283784	614076	1004864	879989	1207641	785973
499605	1214018	1077980	1433927	1007763	73789
323166	113184	305510	659327	1243575	1471415
946691	1449860	1325905	1464752	1244438	1104337
476153	373864	152392	1100500	1253849	1192643
1151542	1009165	1444301	578613	883001	924292
821358	495392	1327817	1160887	1134770	263523
1381226	1109910	216984	1180774	683746	1435382
1371980	1161355	867071	889994	630509	568705
363168	744075	761577	535704	36953	958763
946792	1274539	1073988	552336	530814	287124
507290	1092570	906821	1387477	221764	901889
1111768	1202673	971783	648795	1415084	355030
667463	1096421	465750	905471	49487	1363049
310209	1018486	209615	1312929	187077	656222
246495	1128350	739426	1387666	12913	353352
184796	380634	1053517	138543	1039213	565290
1328345	180036	864963	1335397	549874	110964
856734	257924	708833	975389	237908	1062168
1442922	1058228	1294873	585718	1128668	237358
1134122	1381073	1388541	375952	1165357	435017
442301	1242039	591558	1315179	214717	1448341
1412022	896693	165982	199550	1389006	962721
28537	396833	128945	296644	1215279	802124
1034905	716574	13339	697180	1212517	464643
1323868	362803	1170157	276060	1079008	972960
909263	621919	597847	923762	1399050	247218
630917	511823	26787	587464	210249	502062
860643	501902	238841	1193953	814100	402334
782629	757812	989378	897387	664467	973384
698087	512500	1244174	116193	507102	745942
184821	668468	130727	724815	1198634	961216
1107909	509394	220591	95139	901247	278966
1406366	535323	368821	386503	694221	770935
918986	748871	574521	1096710	521948	535671
370933	1311809	1222889	677942	713201	744319
804193	301229	882083	788139	1277198	1282266
942957	617244	353550	434281	939230	444747
992662	130336	752531	1352377	511704	1086697
158521	592195	521562	1327392	755864	155491
230959	752566	1226458	1344875	1466694	1135959
648291	431866	952302	744886	401220	1376260
535314	850668	529759	601780	273714	192176
1151606	1044826	25054	1194104	161464	242508
250843	139152	1305532	1257282	1460703	137727
838682	1367985	1056532	187228	291044	1084551
254072	249399	1201497	797491	178992	1133741
169433	67653	773082	814095	895955	876101
1187159	912909	1220188	729732	1173833	709563
677908	1006389	224537	1263689	96802	677803
1437124	1033291	1168683	1243009	1066661	584923
717808	1358197	856716	215537	1017901	85531
770708	1229064	1013771	590701	754797	1187922
1090543	1019557	858826	689525	629894	1039621
1055008	50510	166903	206791	900807	1412356
328703	1096916	490488	1241556	1216460	1043556
1437148	918157	998990	242862	526614	1162486
1195821	1449633	706126	149284	845332	743571
1429437	51238	721107	893477	1436251	801147
246284	939899	329407	578705	723867	205899
613983	1222198	774648	1457610	1353868	1216583
740099	636600	344500	1303143	42169	549573
184577	1370234	1471261	313946	614663	61587
301430	492122	606660	1224699	99886	773432
1085615	1218121	92802	755074	445434	18817
1159365	784655	188673	1422793	280309	1239592
996471	500270	931221	618856	1207367	1411961
367480	342137	1061407	779084	1067894	1248070
349748	1315642	719625	644463	1320526	741979
658887	726504	211056	1043675	1401498	718686
1237885	959585	999273	1262239	935768	206656
1146258	1094108	276106	1064421	1455293	1031377
1349726	1371554	945891	1153194	1384887	262809
180243	540013	730160	191344	1304949	575323
238725	206484	706342	1172210	155059	421198
200550	434698	1329317	1248916	513742	734388
1076895	16770	1402442	139669	219181	1109042
1081798	1414929	688292	1200094	356184	1428080
254013	1148800	250009	995890	229542	1089205
212040	710399	912762	1346760	1036744	1115695
1256570	1025817	173963	1020373	1360132	761070
717759	1415924	938684	997730	1298275	807586
530686	861469	316450	1000350	651669	640640
1451674	693548	100457	1323480	997816	771292
966570	67838	1314330	1115869	226829	1071145
288563	362772	1069506	220314	1079752	818598
149988	253729	1217264	1072753	1071088	1080964
693517	612802	1365445	1008228	773617	637245
394725	363789	1246236	49274	1120603	167161
1094274	111634	770061	917495	766374	1119848
957911	333279	1388955	65473	62380	786287
1456058	466368	1204054	547203	148854	738704
977481	866772	803788	35224	1027274	1309473
1000350	651669	1209651	475174	1373422	1065469
736470	39835	148465	688216	83936	533598
345971	1222142	1414248	788029	846709	1405972
1034776	1210961	928438	1385095	1393369	6156
407171	909782	929354	1420607	1445387	1045729
1440925	1195250	875146	1147261	1395753	873431
1151716	473723	498299	1041063	121240	447446
403381	718534	1468046	1067731	961887	878045
728712	1191856	801550	277603	1140024	690334
1034786	775400	1292929	605347	1193829	1291164
1423455	493392	1093718	90273	1017096	782568
874227	137504	206028	1059727	1419345	816142
231093	578210	212003	1187278	1160019	108266
851748	800949	1175721	167303	1112510	136710
630844	591310	36456	987434	1416987	1156882
667621	1025411	63198	643683	170426	330462
499526	1127018	143599	651640	411492	508920
413746	1096828	1372594	669418	911175	1033211
878009	174023	535916	1211513	950280	1364266
1008082	741351	63908	34169	635662	1016390
1287627	1314521	639282	113864	186532	1201898
916751	1467990	395083	1368662	1131517	423895
357388	1469013	269061	748838	1370614	1310096
860531	1322848	725355	1016690	1442587	631672
578957	992325	1362814	633050	625488	928278
1039118	819469	990218	70896	1308642	690032
1332561	259747	1344854	1063153	906547	1300669
483673	243625	75564	1186834	1165997	1416795
1261237	77324	1339744	651243	1453645	989412
670979	260190	233596	756229	247654	1223936
1137785	468056	857137	1112107	1011183	463569
452907	1342992	250290	1215833	652236	780660
287940	1370259	245438	334481	200445	1307807
1252560	116212	232695	734051	1311401	464693
1279072	1096909	1120497	1166064	549993	1254581
748226	1169428	996342	802117	642342	260458
808732	250509	1035109	1181540	1435464	863952
392780	493906	541290	982888	597797	30735
1443610	742650	348760	219227	548706	449070
1151273	750628	182432	958263	1253729	1399742
1406674	744075	1333715	761577	535704	36953
215091	1118741	1102651	795182	1167970	259193
1214022	868981	213795	1324810	825752	546672
1294526	1345043	527937	717679	1125251	1128398
1076485	180689	926519	442390	98697	220883
770365	617335	389478	901505	321619	809331
464144	362338	459883	902325	953922	1309055
392797	775651	791562	742660	1036440	455753
917217	895397	319518	961414	1455404	951032
62605	1146936	1170895	66269	1332718	1205361
1292050	1095718	554132	239332	1031060	1341277
1380421	875146	1147261	1395753	1292423	712292
1233803	714078	919213	1246457	748238	224781
1116578	1224982	415147	509670	724922	390686
1462994	601040	1297583	276263	852892	178902
1375579	52791	1005834	1258882	982062	683862
556419	1375178	780781	660488	614842	1365686
804362	991209	367922	353352	840013	878503
1315450	507771	279857	1133855	1106283	610796
890960	1266664	863795	58702	1146015	1249735
1111455	156639	836432	367714	811695	384290
869409	991016	519911	1217452	100091	1020446
1051530	215496	634897	432273	1253457	340533
1146928	1363134	1117121	1020409	83741	194023
534554	652278	1187502	1142406	654935	1169936
1043417	1426153	1277527	863906	880800	1289624
1120504	858606	729507	296472	1161475	833827
1376528	259837	13930	997447	591894	843872
292283	852455	1108957	727256	904768	925543
1120503	818018	188482	678176	977303	446422
852127	1347025	872282	831293	727388	1012516
1043413	745930	60597	1122893	865649	1416514
808770	773267	1224496	1090177	591744	784682
280304	245120	694991	1091740	669701	679563
1195218	233345	763763	1135050	883711	894243
280311	221767	197259	325559	151771	711050
1376513	497020	323425	1318180	80520	1416868
1151337	1275783	825331	316750	1248020	361327
437691	1137922	128756	894474	299089	964926
1428555	1017417	1290753	1383476	267488	718690
969616	344042	901622	303560	1111462	256005
1257437	1349457	498602	1361822	1093438	25885
1226086	1365072	415729	773749	311285	570273
847266	921473	867270	649682	890742	601848
1210401	987433	917364	1244064	1329762	621333
882466	229094	1303329	857248	251274	872821
1008252	54425	409166	815350	133094	377923
923605	794957	801805	1141582	715570	482171
609445	590182	226496	678395	268111	1082495
1389164	1355311	1115978	640139	153265	223876
284668	238499	286960	1128465	686841	1125718
659001	55909	1441902	811035	1388054	249751
208620	607174	658298	537293	274452	1354189
402463	1164241	1422079	124962	639628	74399
1353973	1237635	734354	1008976	871911	1135448
1415571	130222	231813	769871	151140	200817
1466842	1096710	521948	535671	708556	748871
319082	1184120	241286	81595	1338178	801953
575237	784336	660968	834695	1351439	1009947
856424	624992	1149883	1019188	204281	715080
1237114	846803	994140	164537	1068761	1292309
717003	873912	145774	1335402	935618	1172888
1451494	1134021	1267013	933006	420340	459623
1183580	944056	475361	1137733	1441681	1171373
1089746	780428	183303	256223	749520	642789
804519	45965	713085	1358549	1005778	894512
274870	56983	1116619	900884	339398	88200
1358129	1325284	632998	1059534	774618	1382048
939007	115841	906942	699210	600734	236975
184870	493132	613659	1444242	334202	628743
1137889	890546	587172	129757	1016053	804812
962034	858466	45082	1242606	598028	915605
327884	460931	886617	540710	1424004	507329
895917	116952	917240	1191872	1212515	51757
843274	1058516	654266	831425	1396532	883121
709310	1447489	903219	749376	1155233	153150
1367946	255255	566107	213088	524427	978672
1237102	309342	198172	941919	575988	1243012
139123	371660	119229	609564	1304545	221486
1019306	1372396	845195	10041	734266	1212669
488198	158963	353806	1050432	429643	1172742
977154	248039	208776	335030	1258069	753483
139083	316169	833827	984184	109093	1184283
709257	404879	1169236	890602	1152612	1098851
600775	364741	877523	1403354	1320070	912250
1437405	615425	993741	84790	102002	1195784
345151	601156	717866	1386862	369208	1317034
1038440	503996	885390	464044	1033588	190257
791408	750277	119339	862585	1127290	1163956
1111304	540013	100290	1304949	1467659	575323
583096	76393	679061	827061	109828	91858
514293	1235293	1322799	887443	528191	936371
280092	875304	254536	648679	928512	135374
292174	101060	316169	833827	280161	499290
510401	1171461	935840	1152689	734161	969780
833673	273895	1258755	723141	150388	1347080
917105	366513	1342460	762312	418112	501177
826085	1352143	722984	1223858	875874	344279
1034568	996366	806124	1142497	362785	1357503
713151	13019	1461029	1363293	1144943	1349750
230824	517746	245337	7031	231464	1059729
1350429	1180006	940950	856618	365710	1036643
649197	1197675	1196188	1373097	1166581	741938
1415460	750081	899430	341968	1078464	1200040
1443789	197666	1059863	240868	345160	1179347
366624	1293443	1440202	1144909	11602	494601
1393997	971154	405213	700887	1439039	401919
931079	1333744	165180	689019	80623	1057377
297791	128364	1271740	632136	1212991	1441485
1466750	888768	92988	1458388	213088	524427
899796	1042490	519990	891642	876874	764910
895972	271577	347966	70401	1306700	1434346
1292262	1227525	482272	996320	722981	1036134
1218481	566388	697127	124039	246771	1365131
41358	1352143	722984	1223858	875874	344279
1202893	206028	874227	416333	272231	1012929
230792	1387613	570273	1365072	1445287	3801
399313	1243064	1077456	1419968	403864	851538
1346061	1219465	242257	480620	1180902	195947
732909	917005	1225365	1265273	1404382	619690
1287904	379922	898149	359883	767906	338632
72028	1045591	126581	244212	1020221	1207295
258581	725131	1078299	626826	901607	208939
2652	1244486	662346	206030	1149946	1179296
33735	546012	1232455	606362	912926	1086608
678746	1101161	623326	761084	546339	1067710
895940	1320998	520810	955040	1378765	870903
1428708	32233	363129	884659	877574	1329344
1012696	991974	229655	871937	1198177	634902
895936	1458388	1381942	737519	667819	516817
724117	479269	559955	856597	1083228	901563
1038813	1232840	883886	102505	1297253	814091
388707	1356200	112237	879735	68915	1265388
1147163	795254	1232990	882121	95712	644146
816231	242215	442803	101961	1337210	933623
514398	18466	1117805	1032152	708106	480812
961662	1386862	570545	871102	1317034	682898
1336528	861944	1098862	1445387	832383	1391747
1089866	395100	698444	818637	788675	1102651
609746	340533	1064359	934327	1390475	987500
1315661	263749	234345	1171461	935840	1152689
938594	995864	468821	347600	66119	275713
587061	389176	1100236	229979	1005640	1212259
243496	1324400	1391152	240411	1071356	754562
613605	790401	743310	180423	145497	470752
10718	1017651	1184792	309047	900750	330238
556206	111382	744701	1175293	667463	1363049
1198613	1349171	788711	265672	245432	1366293
284307	780008	1033981	1252132	372086	1208179
115905	611739	523896	1191751	52026	752641
523047	245470	1024425	1191376	65641	187341
45410	1242799	934482	1073613	1019828	1218244
208776	297990	842819	977154	1238945	1161912
759258	474358	415641	385029	1377253	574442
973813	1215578	1131977	1138718	1351850	231025
653100	260142	1313873	1198967	1430151	26233
562102	797313	989921	894928	1351340	250277
204015	164277	740891	126025	1055765	201990
1093718	614076	1004864	785973	1185415	1423455
10724	724599	449006	300751	33064	189171
609782	881776	337872	341111	795272	1255261
284328	1017240	759055	713598	106940	29718
701857	107756	235884	733273	200108	201277
1146681	1350305	257974	854283	1027944	187772
562095	744090	900190	335272	951770	1373392
158033	232385	716903	853548	1610	547373
375719	478642	1361927	558737	868818	1004584
627100	1426750	1242611	1006926	879803	1013308
712791	1068699	1072113	84885	1064201	1415899
322668	221864	404879	132768	890602	1152612
510038	1248188	273872	1101682	1098784	82023
297677	493392	1071444	90273	1017096	1059280
1034450	1082417	897411	860931	749249	1063382
193005	1105210	875432	1453700	1416427	152148
1233654	328679	606169	1181259	939481	807990
50859	1103162	678116	1424349	1439587	1114589
1420256	583080	852758	925305	1421205	144369
98394	1000004	873951	994578	428341	937946
102753	985895	854928	350262	189130	990953
169787	363157	685853	1179844	284060	854304
367033	1076366	648291	1170790	1096961	341443
1031989	1159957	1104925	130678	1321783	794945
795103	1216198	917617	656680	1275850	675012
653148	1233174	1320442	76679	932660	292008
1363810	100757	719381	874724	1028112	180142
1279265	406979	1157125	1400184	411765	4283
1168574	522296	97215	396397	214689	654697
1367639	900461	1417893	1388443	1123385	165664
402729	220390	1206160	890886	950281	1225341
1137977	842741	1042268	72343	1022856	661477
1187753	228629	193562	1418550	236520	336256
882186	126052	310304	859571	1223151	768703
200108	620064	984354	1222065	1211911	887743
923379	990235	642156	199151	628784	987057
165412	1047115	844596	1399397	8964	337872
1268064	356052	1033826	228012	193199	139906
234785	530278	698576	738799	947752	1402159
724249	523494	22360	1167629	495747	991379
1203038	1345918	504020	113754	1046761	1166878
250351	205859	368250	217275	353414	1469974
165418	429232	922730	607270	1464796	866213
45321	292178	752291	457917	1225531	217635
291991	759347	665073	207051	687218	866462
1120729	744419	223235	1179925	1178282	434429
923354	1137578	211023	903901	543147	745959
829542	147796	465314	225680	1469127	929874
1415310	134929	370785	1232814	1431104	1329743
266815	1105887	330773	57198	125219	1397808
1221978	762317	677759	1026912	912157	906088
709563	1187159	788454	1173833	92445	774177
754814	706805	855195	340254	908669	1304925
2848	701606	201746	1345119	1179442	1156395
327146	1384774	223482	784288	786518	575217
1375464	1330198	953526	741523	594284	383207
245813	298993	475767	348650	902780	436521
1063292	1073096	1069265	1206970	1326386	1255238
878567	98874	763022	749990	248474	853117
371239	1400037	609398	1082803	1201368	746873
763410	305342	696208	609458	1094594	919816
429571	1063345	857970	592733	755698	1200381
767805	372517	1378439	300245	703411	875604
55107	635859	635078	469854	1421036	348069
254536	875304	460463	673143	1135793	280092
846919	1452400	1333633	1359627	815753	426552
1008542	934377	281349	737271	873959	1190722
712945	1096828	1069453	1181881	321875	669771
1432740	864357	1319504	680534	803909	385400
886999	711558	124271	1450856	1192693	1418009
1116213	1427091	255537	176335	1075888	215872
674607	381636	659247	990246	250309	117343
864829	720837	329478	1031809	1040831	428939
1423935	618168	119857	1003670	1005814	24291
938697	999327	1085385	1048953	1437428	893101
787283	1093673	131406	366947	168752	491778
1336433	983894	1070811	539185	669632	1362404
887039	251617	151923	521012	69133	1460136
1042993	1436709	1263546	746856	269616	29372
923156	1241125	1045410	789815	941274	666460
552254	1423907	345715	1289318	1443025	1183807
736917	97297	1197921	914918	205692	818787
154243	829226	1368878	779956	937032	1031414
1027837	114951	94843	893217	1449071	523956
1008568	919814	525461	966	1007734	1186688
1328760	36606	373864	1152867	1138087	604965
739707	1127275	876965	888493	476693	357597
180813	857164	521845	871063	893142	1081063
873724	504638	1374000	487895	99263	1448450
1116242	469548	279143	930348	1406308	856479
1116241	224672	800542	1275201	777593	588605
414253	1181487	233296	457539	1050558	331907
1214343	653501	1420084	179631	265227	598578
1375393	1405292	105307	935034	1279338	1146790
609564	139123	1010390	338972	221486	1468701
1206432	82610	503887	664700	697647	1030767
954075	1448126	1443718	809255	422175	1342395
579457	1220516	522553	522977	1017396	886951
169900	1089878	1470257	366990	102876	38384
1268184	984198	1313707	765530	430950	167754
254477	1285300	1441751	128559	546405	520029
1437624	751435	734758	1167060	814365	1289526
966032	399177	1086053	961057	1083724	539419
900043	651478	939154	706577	734675	1318133
774608	225569	1055993	337397	1361859	1036362
1034296	1036620	668455	246712	1325639	356395
421982	857635	500502	898787	256223	749520
774612	1432027	1291766	948832	1174569	322025
291894	115033	1357136	930679	170176	284672
1272505	447135	232149	344279	279414	939037
284265	1109811	121906	1200795	633963	2385
1068676	473813	653636	1243776	1412918	4501
736962	1364288	815663	1122241	125557	469299
999818	1226245	470750	403864	887493	432945
663186	899844	572650	940921	1344636	65695
622184	640475	204496	706795	710204	129821
1441456	1026004	190256	134494	873358	939617
1303339	1341712	172579	208091	869640	760927
1080768	252975	1056958	1410836	1425666	834652
472709	958173	340943	1030868	662217	18829
1008631	1104949	42134	157027	1189521	1465201
475415	493191	1183198	1300639	311452	1399781
958419	1236435	318750	1161203	1351310	386739
1406757	1199086	76618	1167086	1279148	1165302
215488	1361584	1097169	451507	459502	935027
357925	880710	50080	1333837	803721	1160402
869878	737632	363730	1223681	1213756	93008
1354083	1455775	986411	389847	1407575	1463842
76558	1235878	1004848	230670	515047	1022990
1173321	1256880	871464	202647	1422502	1117589
674673	1309568	940013	1156000	1265938	12393
441011	853775	1215015	1364677	1030292	632147
1060788	490853	389722	1452817	460505	296643
639777	1029030	837084	914834	1360339	936519
276317	1029629	686866	1100918	117704	1366836
352412	1083693	1212517	464643	1194720	923309
1238684	853738	1109693	229407	59496	138284
37999	738829	1083733	1008683	1315231	1467233
718370	7002	105412	753669	910968	408014
779555	927014	37010	984393	254815	460931
313695	241495	1021593	1459095	699036	392823
571031	1109526	596003	1036452	295508	525872
255422	952921	1395814	1331693	420687	1308079
688553	969291	920812	1353069	1082473	1030200
1346714	354366	1040660	681764	451752	273313
973957	1366648	276301	159273	10718	421936
1176039	1193711	1005733	724391	1456683	476029
49550	864856	343384	355164	1359451	1447550
230166	1356205	1302469	524626	1251429	739819
900210	602810	60402	739331	1376967	1421885
69368	208264	1305324	1444697	347322	700800
356791	1229402	342775	1071638	425679	1263319
934915	1352882	354985	912117	479608	674309
326204	998113	1367837	1003518	1432185	1068326
1144913	1222515	910133	347692	1297873	1113962
613299	879839	995443	1086947	1338475	634696
675039	258185	927321	818626	1440386	267297
1446013	288317	354043	1049289	768159	1401605
1141105	1276551	217025	515860	722874	683643
349177	1078661	639823	911686	551030	309077
873339	242896	470326	1149538	723743	309850
1194718	459906	804619	311426	501145	1407941
900190	562095	940921	899844	937979	667979
185596	1445909	1062168	578813	257924	1236420
123387	751814	387478	337832	464167	427752
880913	534364	411572	611670	471289	769276
1312055	1465628	768101	553914	525079	863019
956522	166628	395124	1023833	1399086	1201931
961341	706342	1207152	485809	136214	1243780
1026312	560094	1156169	38539	882755	812121
775737	350155	800692	705583	1236923	1357367
7587	318633	884216	759462	1023838	187244
792049	402911	1226105	822202	716759	117440
775729	922991	1086613	466582	79942	576147
915687	229700	467082	882222	75257	38466
73624	374861	1262274	766094	1158296	1425650
220971	541525	28493	696234	117429	224980
939334	24146	722219	411765	1125734	887151
1252078	121657	399527	289660	1100312	753202
952627	130987	1248767	980880	649560	1023107
762302	1229401	147009	651886	66408	1240303
1435723	667399	152692	965830	696259	1247813
1160557	471736	1057449	748231	654668	947598
841891	480700	351334	317754	1155996	531133
783429	120023	168671	586479	123787	857569
164195	925145	112486	113675	2888	692721
1375044	1098437	79168	249664	117655	907208
428472	506669	1001719	1368434	777546	1323614
1160534	1466395	114326	1332503	1174251	195064
1303755	501206	1223666	1304503	684509	87291
573810	670417	738027	1194812	1274561	143257
1229982	1188058	705880	1322127	540727	818026
858090	207790	364553	1461413	801805	1141582
251548	738872	1008876	941929	973044	564457
1327522	373711	759678	1290080	167066	110277
783474	1286488	799669	1110655	378159	1415765
119546	820864	749966	127241	1327347	992852
463629	662981	1075888	1246213	498731	973017
754662	531143	586208	148894	26308	601156
709667	130336	752531	1352377	511704	1086697
1259693	1327390	153900	220945	404434	934482
982658	498925	608653	1215014	329329	63429
276263	1462994	302238	402451	898527	776498
81354	409873	1151807	1351445	923476	1273721
991438	1091675	1316644	1466911	763237	573445
1327431	137821	977812	999161	240359	469762
1277074	12189	791222	1390437	229655	1244780
1307922	208295	578373	459930	511746	462556
1463327	1065216	1104822	816082	347920	880888
397779	1210076	215794	181170	753918	275414
1208219	804790	958661	1123978	1443025	682246
329407	150337	578705	1396700	1357926	611113
272106	896626	488479	1099495	1448470	1037011
956619	1082191	1093472	1423581	1419072	953287
718512	1317011	393308	412859	1034060	585452
1190722	304191	573516	849240	1236662	256462
735685	211059	804513	1380352	692721	239626
247634	1003968	334470	911981	813267	593957
1181990	718977	1210153	835833	1355810	1206838
1168128	987512	868535	219427	199228	1411170
762239	865920	893264	1136312	1000765	112772
1336123	968983	121874	1045571	492724	567317
1008864	120105	199509	1111107	723729	380043
415034	617231	1199488	1168671	1276669	1251135
383715	879291	804860	1390585	287909	1159288
692257	984198	87698	640710	929793	1313707
123242	811564	634274	810847	1337001	1287937
1163784	1117414	99436	756838	1345266	686034
542772	1035899	1413546	178259	328271	188892
1277119	1337052	1325188	669277	508116	1194777
1366489	1430454	221609	1047870	144357	1219119
853534	865829	1015481	1360339	1117563	914834
476716	1075594	832410	263908	503426	152254
783527	810654	1388248	67540	339773	740008
1290724	1238199	378790	1207549	447626	1263434
150720	1087227	538746	327552	294620	342910
238036	324296	271929	1104129	347811	312251
900308	250265	733612	435680	827107	1414936
263345	681253	880684	289104	1221598	55322
853514	649491	287805	857544	708662	1215584
921959	230275	388459	1214116	1272268	1257115
1385967	722008	444174	565412	1239514	432811
1378191	724005	1349542	260538	771772	641705
168134	919265	312131	1446013	1202284	374507
651455	1178741	737832	1360869	461468	655419
1047565	1343985	1449860	1104337	88109	57834
939481	527748	1233654	565398	1400547	552101
1412720	1106409	433176	1262622	755987	923931
846693	1230121	237836	1315928	1334064	909317
172944	336194	1335539	599989	1130255	1194873
853630	879093	484883	155491	708638	521562
237999	380954	955275	863471	855687	854434
18647	1329786	937274	722986	1456416	937187
1366461	298975	1450311	791604	294242	646015
632157	1036761	1133818	613515	1362772	1012972
278547	1012744	520703	340673	1190445	1011913
1259527	1311050	1377310	257924	958437	708833
1076131	1082073	889310	1027422	910968	310219
1133555	745970	122666	596014	1076224	356303
1067513	622117	85946	1076755	1062334	489940
1043743	493191	1183198	1300639	311452	1399781
837925	1310845	639633	1026070	617385	498938
203604	783349	961119	778109	1303550	781563
1102159	283401	1313689	1191856	812898	277603
1208317	776165	896500	473204	1153878	38537
802984	184301	712298	1388284	264712	535741
961511	1253161	1424795	1423858	423329	367150
705944	594284	839037	916961	801953	1441652
807325	1090585	1368572	1163581	927607	968333
1203382	1023321	1020797	880590	786637	1114908
632190	616017	920737	617323	776162	120768
69151	648199	342627	599186	731421	368941
1355284	1193573	791567	1430482	260877	25660
287318	776498	991129	1237037	114931	199429
841733	120836	109216	1220119	317505	1263096
835240	300745	1232840	102505	783667	1298847
709822	1322104	1024534	534550	501539	109094
428310	1048645	68308	299169	1131980	839748
1152933	234170	1176946	292463	187388	483763
657611	363730	1213756	648213	87923	717978
826668	1161777	581861	404011	737702	121264
1137408	1436256	830415	737182	471836	639277
1277199	109314	1379951	1246219	387015	36606
88579	238410	982373	1101858	279443	161045
1277198	73937	296919	804193	972390	1112510
190093	781891	738861	1342879	330323	566381
1199215	1207524	1416987	1156882	676377	1119088
228362	840499	678679	311165	1347549	378999
911491	748126	903924	275192	395347	974313
1303990	989894	915630	940470	714888	418982
159491	1065958	95313	73816	707190	1091704
234274	73676	587145	850887	1250082	1001131
1405365	126036	415729	1228616	1384890	1365072
267297	1098060	1345332	747052	1010361	329745
1048006	348453	1177115	148912	824587	601040
1432138	990911	620745	14569	931705	446683
419778	1390346	153003	492100	1090657	693960
506246	997793	874598	335327	637280	344893
921814	1220470	160738	1159668	843641	106929
666460	888069	923156	365554	1471400	1294884
127477	126733	510198	1130798	517993	332755
1255646	609458	1275784	305342	676797	947752
185849	668188	330992	1242606	742650	660967
1265274	700780	767461	322335	716817	1247249
414887	459383	642424	344788	298112	1193986
791690	1033447	1336709	921366	955093	876977
796628	361121	307351	439982	219269	1293588
956779	767890	799442	190797	584895	951
259489	1225974	881860	375245	737918	735374
1212678	1278160	400018	151582	1030862	469615
748943	635011	179116	1077324	868019	1333499
1446261	1019920	953668	1223540	1241950	341881
1148741	291341	488282	418078	694441	816537
1327338	92912	765234	936837	398487	278727
115334	518595	1315108	474184	901341	55912
865474	1440397	968896	251617	1025420	955518
896114	314340	950741	489955	569087	139056
1362276	1321258	1459531	1139318	1466919	634491
666485	338897	1354869	1084211	113565	221420
896014	252602	93838	1206060	893757	1377006
573507	1308656	200262	1351810	586580	821512
911561	1233886	199807	1226214	1158664	1147243
775981	609302	1030492	503729	744164	192590
142215	1068710	931228	123084	1344961	1063533
758752	659415	285948	1112485	748779	746836
241921	306584	316358	530337	1003730	128866
850887	257762	234274	1001131	832937	987926
846572	25681	117498	1377460	1422860	216544
168266	45958	959071	460727	808431	1141497
511578	386290	592404	639969	1195700	1183938
1102057	784650	1440900	371386	600297	1166150
1385493	901311	804611	693233	91583	226058
31243	1104337	392426	1051073	1187065	930975
1416902	1201582	166392	1241642	1352715	102309
1269555	1262787	950981	1055698	342709	504125
731429	337397	165730	870179	89811	1434100
1122200	1288474	174828	404705	1225184	218600
458554	559329	857288	1108996	1090585	807325
154624	640866	439119	1091768	843844	1064667
749018	1145247	423359	1402633	841995	182819
1203519	1371554	945891	1127206	348377	845298
1311867	1370424	814524	1270760	588533	1391305
791756	751218	1077319	830981	995672	724342
701336	904031	247833	57500	1034537	1172616
1252290	697513	883523	1085022	549890	340221
1446190	1375983	1343990	1151564	948262	1239563
1278835	1005127	821400	1017233	432695	779625
1071452	509394	220591	95139	901247	278966
558255	862724	357399	1431716	711885	280255
1060566	1237601	1005454	207415	347669	1412839
181401	468456	1024903	676835	1265132	195382
267349	1113490	995692	340597	359698	285812
99851	1347620	1360560	596006	460142	484945
1400836	1098130	1131842	1127152	384339	646232
1366243	119512	634287	67584	55237	440054
1047897	257939	391652	1316837	664662	1145757
423532	1237841	1373431	139244	379747	239798
33988	984060	114812	76633	1050611	907100
1377962	1230473	1094793	1101698	1306590	220660
1412905	632426	232050	1314329	67326	609559
1047891	1122631	778247	1413421	435682	1000269
298011	566388	1414936	509399	737238	1213354
31440	1131628	1232443	875649	912657	297312
586701	868893	25054	689823	1044826	1194104
888498	730494	336637	272608	1244183	270301
1022952	1233773	934005	924831	680237	1357500
1145328	599202	215665	359353	673757	20903
1186057	516456	1457999	1068787	1398642	1018150
1056098	1112668	1087226	1227533	1065117	644844
876958	222694	964755	751967	1315174	187181
944069	391018	775685	909675	272993	308668
1278896	464271	1068425	221762	411003	1352171
476969	1197476	1169158	858746	1019828	469401
1320659	600642	316576	677921	348838	577741
287519	738819	1108462	166434	205308	320912
835564	513242	313486	199989	973424	193199
1420655	579697	372973	531901	1223208	219674
445579	302547	478170	21990	1098654	514081
857635	107215	602428	1013132	200804	808693
1056077	424010	1093827	1453333	1426819	364177
1362404	733553	274355	1070811	1314624	641461
1234023	865223	1243856	385081	1311971	1341853
837741	1195943	923539	226919	882471	619172
657818	599480	198687	439469	1298872	1132273
1300057	103020	1421651	1356816	229335	275386
1186132	1167222	681910	56592	102396	69601
551727	212059	900043	990721	734675	832093
1035854	30336	215405	1219063	872447	1208353
842023	565602	1095821	1125256	1011211	781242
822491	791372	275976	284658	1464750	625692
177086	952353	258444	419430	32675	1027206
639733	724005	260538	641705	795928	818915
1140880	499974	1451417	80212	250981	1374753
880888	372647	1200412	820790	1100167	43619
822495	1232558	1108582	109415	914780	766166
185605	733784	734441	591727	1321781	1329662
1117740	632147	1381646	853775	1215015	97519
391652	139584	789016	1047897	815608	527748
1233923	637851	528490	205304	405652	537704
748909	778965	1162472	1075393	1212430	1187101
935395	528080	58204	1061497	1088803	1377194
115295	333169	955354	574852	564072	992772
1018541	253190	254705	68042	1281838	156513
1397554	1101597	119246	457468	1355969	1344469
744966	126861	233503	1320098	433972	1413517
247350	180561	42134	152066	1161381	1138286
1067232	502858	1012285	1092259	1318685	644854
841995	986548	749018	668036	844403	182819
926578	1419574	1349603	457468	1207210	635138
313505	1346450	1020172	779308	486595	903731
494138	1292929	339534	799186	300013	533371
701189	1013946	869603	463779	780247	346338
1311971	1234023	1107556	507131	872061	1026784
523690	1301333	807441	1064243	193819	653341
620573	620829	306468	518993	170033	459655
1212353	96653	895286	912941	1185072	310304
735412	724997	355557	185108	1212573	1157504
393605	93855	481646	1134779	12913	739426
744986	645806	221934	3276	1357750	319097
1203631	812885	1453232	464100	765619	144311
853853	1305243	1315931	63498	168732	1214861
688216	382890	736470	39835	460897	148465
228604	514481	1184139	351932	1413604	511773
115079	1059789	1160079	342910	1296475	1125886
964631	1076964	542492	1256724	979617	1236242
891947	986399	1322694	633529	1392065	856224
754083	904643	184669	163011	1455293	1031377
717829	475648	942832	261205	1457674	464222
987593	1308630	677460	496501	789703	298270
1260272	1298487	168342	709799	222884	598519
523880	607057	865260	1084509	1048966	483463
744917	494288	258748	81388	1297779	1156431
189874	1467995	916733	1278131	719231	628729
1152359	622148	1415884	1121488	1406663	362908
811035	1353517	1093301	1186242	1307535	1148198
1265019	602851	519605	243032	1313119	1064099
907516	334559	36721	694641	238163	460907
970640	1112390	1267559	768327	244483	1439232
532308	860054	1010164	941559	1279789	272878
1286737	1019661	1172782	372517	1378439	300245
279287	97519	844728	131338	868295	130469
436615	234395	1030650	608662	219313	1313900
1260250	1098594	1323500	1408112	890595	1120937
11447	352959	506833	372046	248037	914252
535608	364892	98744	190696	300157	272320
1145471	1421651	385899	1316715	1461911	1435848
982268	766457	940037	389619	673653	1020257
696787	1091385	925718	274180	1184908	902524
1004846	374033	367083	120678	298753	132125
675565	1082387	1026784	1443850	753799	1290651
1277978	750542	1082943	221907	1380249	733658
1145444	1080478	963162	996089	1793	242040
1064085	773157	520103	456646	161004	522643
176248	1187722	1282922	114625	328100	1298096
405794	476280	622420	1132242	129017	753782
1264978	478216	149161	505125	1023334	1192234
964652	1027612	914325	757756	161444	693975
8189	371386	600297	784650	1440900	617518
1460163	941445	245130	265946	1403661	1438108
15847	207166	741046	125317	755419	92869
453924	857736	377314	330363	1426680	1152899
3763	590728	1018541	1180387	990218	368235
1234860	1170659	1310120	631963	1064177	1461628
939899	458791	148196	1162307	150337	1257316
1467818	497902	1321409	1059364	350626	1064917
81882	678137	1353498	1083325	1214985	1022228
960874	1241902	823200	214068	773493	1422641
291315	336536	766503	660236	863534	257974
1362467	595522	1442653	1085992	396396	585043
991938	198195	201805	1176920	203635	522993
168560	1413184	810322	1056190	287392	1000895
1018158	882222	1175766	517414	200243	1159288
1442587	860531	387520	428076	1432336	1272170
216114	60939	352872	1057859	661087	259298
527892	125342	235838	914148	1340484	901303
771342	497811	319097	1434782	1357750	495820
1286702	419631	514702	671950	1138398	288450
807742	46975	678154	1345578	947934	111323
1018130	1361823	213954	1265028	741938	1316907
632778	325311	229649	660172	807819	168732
318003	999161	1303040	1410789	322939	818095
1260178	1003887	925027	862725	500049	392720
612802	255399	1113084	1097217	1213573	591172
283562	273071	821600	294840	821736	1270118
978329	379749	374328	1111765	1023049	904377
229718	744315	1215518	770370	1297258	631252
1110426	1246877	983363	373162	596760	289025
1079321	501	996656	965777	811551	1328466
1098440	1067947	1422399	717895	1066100	917308
207537	449641	112975	254981	225646	257709
621404	1434103	829641	607881	588108	578813
1009369	518845	284190	392509	1365596	390655
947676	67044	303506	636865	1000002	296194
857383	1181638	555950	164116	10407	1347515
547598	1384382	201996	583137	216968	1242714
198695	1370653	1064247	382977	882997	1166315
3699	1105204	918421	1103231	214317	542990
1230428	154827	1018425	1160019	1187278	944609
1225165	743276	121796	243625	800247	1154004
740459	1209010	553325	3758	392494	825997
1304078	1104064	750217	1444195	1328251	932059
1087431	123344	201495	1337708	707160	1238166
762700	215230	668431	1120386	101655	373794
964755	481800	496588	1441472	876958	240547
953309	243012	576309	480113	1454003	642211
1370259	493132	613659	782888	1444242	334202
298804	1409634	410469	371348	1065766	149030
1217458	1187023	206058	903897	1427586	1053372
643240	803807	610744	1419804	614854	1235100
88491	927033	773655	1433257	204004	798817
943352	992338	869912	333281	1183252	310091
242411	1238207	998764	519250	84813	1448049
1071763	1255285	323043	16311	291999	765058
193566	1456580	1189589	705275	1364266	1373312
283465	989249	1178195	1182732	1329494	1047104
1386479	1427297	179911	677044	275477	1463524
1105987	697123	479269	559955	612650	993419
1095091	1221810	1374	871297	361453	202788
1207725	864247	365987	1369008	189725	821115
176358	270172	1059606	764989	274139	236607
1362627	1451954	695926	931869	269392	1471329
321953	392619	864335	727154	113267	484233
827061	1177827	583096	231484	915598	1439882
207465	809728	1406306	1436546	368455	471492
216270	938077	697128	1224053	1059382	1368248
1273774	82291	1459324	560114	492849	1204764
1412155	322662	675487	83762	430820	1040804
827068	610663	721039	1443076	945901	1440504
903546	353362	457572	1306045	206314	77534
163243	811090	349031	1133562	1275491	832358
1095064	1241902	258128	765831	290258	1083270
1132989	959107	857927	1411149	1413496	271716
314324	1426978	1115660	626849	1465731	710436
164783	801255	877364	1067866	745274	104927
1446599	325706	862042	1354268	186904	272084
155609	1021434	1043032	722471	435872	62605
1295397	1312697	887109	633246	266080	415565
896951	1085286	226774	1249923	1379640	1097212
696629	1064421	645773	1032633	299017	1346131
943279	1256648	1268916	1378191	888692	201649
1377752	1241950	1006276	641821	203198	1051400
172449	110964	1010258	223283	347966	1434346
888262	390290	1061548	1417201	848655	854208
947598	232803	978800	2821	924790	675243
731793	1227376	1150748	757406	695020	537225
940013	553653	948325	12393	724953	1374290
978226	948440	1042268	1066724	688819	959986
1291178	895236	136941	128756	876101	894474
736170	250509	1035109	184513	236866	894628
1207763	1367694	217290	483011	746386	243226
328945	142006	797531	1344876	344753	659836
535800	1228590	503714	1071022	677029	565642
193637	251159	802087	835310	1146790	1253256
555268	1017408	802446	402522	252602	1357578
916075	1373347	892473	73281	1308267	923439
888315	366143	47849	529988	579221	559241
1171992	718273	129067	1049194	1342989	680981
207415	1060566	1157991	563887	777780	133405
1304182	921691	218545	905030	1125607	120601
1331757	1450765	876240	349129	1116275	920039
1234712	211893	1163194	858098	1229645	345999
753483	1451971	951495	291305	1159046	240577
960983	904547	112760	934609	583912	49818
379309	1007271	1416079	298072	1117735	761560
727051	1092402	1026049	1241233	1139786	1134230
983520	350199	1254793	362474	1317712	1310043
687256	1365690	808659	1127298	1132186	1142505
287133	1207806	643531	300668	497000	180689
271699	987926	257762	329718	195902	1175296
1110271	203635	522993	1072140	780270	198195
1454345	126401	104942	1367647	1411627	242215
1421283	744075	1031749	1333715	761577	1061622
1282072	206431	1365685	1451725	203865	824542
807512	370836	1181503	1292144	253694	748406
1464243	64489	126856	1322515	1309789	681274
511032	1263855	281501	732409	833294	1258419
1145694	1449624	1280640	830446	1372281	243000
1295840	876587	28407	516284	1411885	824828
558842	888108	1354692	5740	899024	1424958
387639	1166022	593288	642814	71423	672829
1230803	704546	960283	1354920	855828	1308919
1397216	1099669	1178592	1389522	880999	725640
605733	26244	1364726	344318	839363	726385
467744	860942	387911	1015031	1069032	335542
1090853	1335757	48750	576789	1209092	1314160
1351340	372071	497270	133517	862427	262028
1035410	198195	201805	99307	1176920	203635
1327817	1240492	821358	290217	257267	121848
643346	1367088	1312872	465109	669063	464100
788366	211466	1093051	782819	351183	455635
1427834	1080450	1307317	1284731	1126281	1092402
303039	880159	744917	457630	74834	1283310
1247360	370836	869878	1292144	526230	809174
325908	412153	852581	391212	74446	1327234
842741	1060156	838358	1137977	1066724	1047469
114856	607615	947516	124881	222948	1055507
1446744	1427913	1161263	1402642	122623	448638
957218	1095801	59904	34384	411929	515932
394000	1301021	646731	965969	672558	1007499
1397177	749608	914800	161489	254736	1054228
1056663	713906	1047540	1412168	673488	543245
61873	368650	916403	1435255	294562	935188
81611	90720	1348282	182324	18063	361814
597033	233286	735428	903219	1363032	241936
1362738	1109604	1085438	755708	377923	54425
1044106	438556	721709	925435	1079424	230389
489145	130336	752531	607988	1352377	511704
202944	397175	718975	966851	879919	133747
731918	743688	1289139	112062	1373431	139244
1130451	715961	969544	32103	1227611	1292541
1390346	296294	419778	765453	208886	1164288
225100	153701	1413438	1235580	453862	633098
639048	858045	195623	273874	9668	1036614
310711	616339	225024	296725	1354585	330503
1000827	413569	360138	1358817	1171084	933913
1182420	50510	166903	206791	1412356	1122805
1167554	15394	744164	766456	229943	996258
1060076	1102236	860456	121657	731681	1049112
502506	1453415	1133841	341797	864812	1355688
865973	933595	93855	914325	757756	211877
601948	727459	434262	1255504	662922	1282044
471643	356207	1047613	287820	236910	1172115
30725	458633	577259	461264	69985	1158244
1126082	928807	26958	704020	190160	365670
900910	778273	1318284	635138	1419574	319123
850395	111580	186058	936093	527131	1392866
1022255	1098440	568690	1360857	1104271	977332
1319972	391543	593775	737744	610323	1138311
1132651	755574	1065871	1187857	796505	136197
683479	1059808	140862	1023162	937472	1386922
792306	1331859	1237345	852545	1008167	1186587
1156943	220994	77534	1263605	782276	163801
710406	116565	627725	908305	1300162	288059
593375	465208	569581	1417888	745568	916852
877477	1106292	1107062	591563	1062837	1464440
666093	1295515	420042	1325284	1059534	764508
792074	931571	22915	1264855	197096	1464102
193819	1197475	154485	248482	895968	814029
718235	1109714	662743	1130859	213396	953492
939682	945535	8828	699478	1228737	900468
1132687	988143	1243347	240403	1008421	1064176
1106267	1379438	1262186	863233	1001100	1221137
1026713	1445651	688211	139865	1355810	1373193
1064233	775000	813673	762135	186104	843542
872673	1439125	42894	948847	1390362	444476
713917	870559	756614	601025	926953	287206
271821	672204	1183934	823088	344149	34967
387768	914484	712653	981944	139288	929382
233890	296697	716574	13339	697180	1083693
643471	329768	631365	1259493	651270	341237
925980	999727	170303	1098568	1448530	1201545
193847	722317	737763	7586	1065958	95313
1436546	652342	79600	259711	1449148	938595
251239	1224096	481209	535296	1142831	144153
423016	771013	1049803	40201	493767	356207
405670	590853	521356	1210977	44405	1161261
1347352	780692	1019803	991938	1230543	1213419
943573	368660	388837	1084779	663344	1266547
229507	1282632	521577	930968	1013965	472092
419148	255399	1113084	1372371	1097217	591172
1260370	1220824	1068865	942738	1264054	401665
81464	253490	1232463	229979	1005640	1368618
877458	126525	722727	444604	634516	1237602
666065	1426101	1076521	1194267	844825	1014726
815262	1102811	74366	1060146	9445	1212306
935840	510401	734161	1315661	1053597	682864
926072	360381	44074	34235	1420256	432972
827333	864812	1338273	663186	666184	31045
838197	222373	318603	706300	1158453	1127133
636749	513371	461140	1471451	767109	1181438
238224	246712	1325639	1327991	356395	314842
193877	744467	218600	88140	780301	766757
220302	1000522	1078756	672736	1148680	1357048
683370	130775	1054052	767123	862724	94156
229625	445595	498702	1004338	663015	864500
1132759	3892	1110040	1405311	1229024	1016964
1386156	571785	707871	1445317	1417143	1088240
1377488	888095	140465	704116	498938	1356011
1067774	1254814	68759	485207	1337519	1273951
163011	221894	754083	1233227	1401320	1125411
732035	987809	114216	521252	719329	1111076
555049	1366457	220470	205022	1296719	25036
1320065	1226713	1090944	277880	613051	1206268
1083319	1067239	349126	1448761	1185483	802155
749389	905471	49487	1246789	745774	758414
822992	236872	1161685	971312	1060322	209902
1117233	796287	817994	1126817	73818	1235124
693082	123212	355776	1156319	270897	702234
471767	1089071	886506	634897	1143924	840503
597144	368937	679831	521800	1309872	388763
916321	1002697	1399611	603204	1117804	287318
881388	231588	496983	1213173	999780	871595
857164	730543	1465867	552614	180813	1413778
838154	768732	917759	1294523	716359	35578